elapsed_s	state	tx	rx	malformed	decrypt_fail	mac_fail	src_viol	unroutable	rss_kb	ping_ms
1	established	189020	95850	0	0	0	0	3	5324	1.19
63	established	4731297	2374835	0	0	0	0	5	5336	1.54
125	established	9037469	4542967	0	0	0	0	6	5340	1.55
186	established	13539121	6815356	0	0	0	0	6	5348	1.35
248	established	18075612	9105844	0	0	0	0	7	5348	0.869
310	established	22677798	11407653	0	0	0	0	7	5348	2.02
372	established	27280297	13708323	0	0	0	0	7	5352	1.84
434	established	31777022	15974208	0	0	0	0	7	5352	1.06
495	established	36192708	18203183	0	0	0	0	8	5352	1.21
557	established	40020871	20134458	0	0	0	0	8	5352	1.76
619	established	44506516	22388430	0	0	0	0	8	5352	1.27
681	established	49012562	24652465	0	0	0	0	8	5352	1.35
742	established	53544234	26936400	0	0	0	0	8	5352	1.30
804	established	57881320	29120678	0	0	0	0	8	5352	2.02
866	established	62040297	31219331	0	0	0	0	8	5352	1.12
927	established	66611548	33525232	0	0	0	0	8	5352	1.76
989	established	71165802	35818306	0	0	0	0	9	5352	2.28
1051	established	75736989	38125330	0	0	0	0	9	5352	2.04
1113	established	80270297	40395372	0	0	0	0	9	5352	1.89
1175	established	84624299	42593476	0	0	0	0	9	5352	1.04
1236	established	89201679	44901353	0	0	0	0	9	5352	1.39
1298	established	93732015	47186700	0	0	0	0	9	5352	1.67
1360	established	98265726	49475154	0	0	0	0	9	5352	1.44
1421	established	102690860	51709435	0	0	0	0	9	5352	1.80
1483	established	107282631	54027490	0	0	0	0	9	5352	1.13
1545	established	111714218	56263170	0	0	0	0	9	5352	1.44
1607	established	116255047	58557282	0	0	0	0	9	5352	1.43
1669	established	120832539	60865558	0	0	0	0	9	5352	1.78
1730	established	125239330	63089762	0	0	0	0	9	5352	1.35
1792	established	129780564	65381134	0	0	0	0	9	5352	1.60
1854	established	134109012	67566761	0	0	0	0	9	5352	1.88
1916	established	138282766	69667268	0	0	0	0	10	5352	1.57
1977	established	141739114	71410636	0	0	0	0	10	5352	1.28
2039	established	145612048	73364793	0	0	0	0	10	5352	2.01
2100	established	149929063	75543187	0	0	0	0	10	5352	1.73
2162	established	154287599	77733375	0	0	0	0	10	5352	0.939
2224	established	158722069	79972246	0	0	0	0	10	5352	1.13
2286	established	163164985	82209304	0	0	0	0	10	5352	1.15
2348	established	167720762	84504076	0	0	0	0	10	5356	1.15
2409	established	172306340	86811129	0	0	0	0	10	5352	1.06
2471	established	176906632	89120920	0	0	0	0	10	5352	1.40
2533	established	181464899	91421094	0	0	0	0	10	5352	1.80
2595	established	185980690	93700738	0	0	0	0	10	5352	1.84
2657	established	190062971	95760824	0	0	0	0	10	5352	1.44
2719	established	194506023	97997775	0	0	0	0	10	5352	0.892
2781	established	198977634	100239217	0	0	0	0	10	5352	1.94
2842	established	202535862	102034226	0	0	0	0	10	5352	1.42
2904	established	205997526	103780405	0	0	0	0	10	5352	1.93
2966	established	210303061	105948168	0	0	0	0	10	5352	1.40
3027	established	214825743	108229046	0	0	0	0	10	5352	2.51
3089	established	218765778	110216508	0	0	0	0	10	5352	1.12
3151	established	223036788	112371022	0	0	0	0	10	5352	1.63
3213	established	227518612	114631680	0	0	0	0	10	5352	1.55
3274	established	231927324	116852750	0	0	0	0	10	5352	1.91
3336	established	236178054	118998875	0	0	0	0	10	5352	1.80
3398	established	240610620	121235204	0	0	0	0	10	5352	1.73
3460	established	244208191	123049451	0	0	0	0	10	5352	1.54
3521	established	248709169	125320874	0	0	0	0	10	5352	1.89
3583	established	253325472	127648780	0	0	0	0	10	5352	1.51
3645	established	257956299	129981693	0	0	0	0	10	5352	1.01
3707	established	262151213	132097587	0	0	0	0	10	5352	1.55
3768	established	265906810	133989799	0	0	0	0	11	5352	1.66
3830	established	270329561	136214289	0	0	0	0	11	5352	1.74
3892	established	274812339	138477258	0	0	0	0	11	5352	1.47
3954	established	279323270	140748407	0	0	0	0	11	5352	1.64
4016	established	283611089	142911023	0	0	0	0	11	5352	1.06
4077	established	288170501	145212661	0	0	0	0	11	5352	1.42
4139	established	292726135	147512073	0	0	0	0	11	5352	1.15
4201	established	297330627	149833087	0	0	0	0	11	5352	1.18
4262	established	301925505	152152454	0	0	0	0	11	5352	0.863
4324	established	306456344	154439970	0	0	0	0	11	5352	1.08
4386	established	310991785	156725507	0	0	0	0	11	5352	1.55
4448	established	315521019	159011428	0	0	0	0	11	5352	1.30
4510	established	319963217	161239938	0	0	0	0	11	5352	1.60
4571	established	324304931	163425856	0	0	0	0	11	5352	0.851
4633	established	328733579	165654151	0	0	0	0	11	5352	1.63
4695	established	333153379	167881171	0	0	0	0	11	5352	1.32
4757	established	337655552	170152544	0	0	0	0	11	5352	1.03
4818	established	341430804	172056661	0	0	0	0	11	5352	1.70
4880	established	345780120	174249351	0	0	0	0	11	5352	1.90
4942	established	350262744	176507840	0	0	0	0	11	5352	1.37
5004	established	354733374	178764748	0	0	0	0	11	5352	1.91
5065	established	359213307	181026334	0	0	0	0	11	5352	1.56
5127	established	363609283	183243678	0	0	0	0	11	5352	0.691
5189	established	368023128	185469510	0	0	0	0	11	5352	1.98
5250	established	372504703	187725315	0	0	0	0	11	5352	1.63
5312	established	377013158	189992271	0	0	0	0	11	5352	1.13
5374	established	381549542	192281718	0	0	0	0	11	5352	1.39
5436	established	386170972	194613698	0	0	0	0	11	5352	1.60
5497	established	390492021	196794634	0	0	0	0	11	5352	2.12
5559	established	394216031	198673879	0	0	0	0	11	5352	1.67
5621	established	398572988	200873520	0	0	0	0	11	5352	1.15
5683	established	402316627	202760180	0	0	0	0	11	5352	1.78
5744	established	406688765	204967819	0	0	0	0	11	5352	1.56
5806	established	411249596	207266511	0	0	0	0	11	5352	0.748
5868	established	415767365	209546067	0	0	0	0	11	5356	1.54
5929	established	420322870	211846345	0	0	0	0	11	5352	1.24
5991	established	424791466	214099410	0	0	0	0	11	5352	1.08
6053	established	429301201	216373813	0	0	0	0	11	5352	1.73
6115	established	433354974	218415664	0	0	0	0	11	5352	1.60
6177	established	437859726	220688632	0	0	0	0	11	5352	1.79
6238	established	442382088	222967850	0	0	0	0	11	5352	1.31
6300	established	446969917	225283239	0	0	0	0	11	5352	1.25
6362	established	451569404	227601658	0	0	0	0	11	5352	1.73
6424	established	456135332	229905966	0	0	0	0	11	5352	0.729
6485	established	460601371	232149081	0	0	0	0	11	5352	1.51
6547	established	464788556	234262191	0	0	0	0	11	5352	1.05
6609	established	469355571	236568048	0	0	0	0	11	5352	1.61
6670	established	473930635	238876907	0	0	0	0	11	5352	1.51
6732	established	478555512	241206089	0	0	0	0	11	5352	1.28
6794	established	483186072	243538745	0	0	0	0	11	5352	1.57
6856	established	487747099	245826853	0	0	0	0	11	5352	1.23
6917	established	492217722	248077583	0	0	0	0	11	5352	1.35
6979	established	496650650	250314791	0	0	0	0	11	5352	1.31
7041	established	501192592	252605547	0	0	0	0	11	5352	1.24
7102	established	505739158	254893318	0	0	0	0	11	5352	1.68
7164	established	510362501	257207081	0	0	0	0	11	5352	0.813
7226	established	514900276	259469293	0	0	0	0	11	5352	1.31
7288	established	519101415	261588515	0	0	0	0	11	5352	1.46
7349	established	523433670	263773898	0	0	0	0	11	5352	1.95
7411	established	527888852	266018356	0	0	0	0	11	5352	0.831
7473	established	532477696	268334626	0	0	0	0	11	5352	1.43
7535	established	537021193	270623142	0	0	0	0	11	5352	1.31
7596	established	541603052	272935249	0	0	0	0	11	5352	1.19
7658	established	546187481	275249944	0	0	0	0	12	5352	2.08
7720	established	550615757	277485137	0	0	0	0	12	5352	1.00
7782	established	555020870	279703143	0	0	0	0	12	5352	0.807
7844	established	559614561	282023088	0	0	0	0	12	5352	1.61
7905	established	564161681	284317603	0	0	0	0	12	5352	2.30
7967	established	568745051	286630064	0	0	0	0	12	5352	1.23
8028	established	573322333	288940258	0	0	0	0	12	5352	1.85
8090	established	577821050	291209721	0	0	0	0	12	5352	1.14
8152	established	582308085	293474880	0	0	0	0	12	5352	1.40
8214	established	586021273	295348472	0	0	0	0	12	5352	1.81
8275	established	590216531	297465792	0	0	0	0	12	5352	1.20
8337	established	594002838	299375986	0	0	0	0	12	5352	1.30
8399	established	598542790	301663950	0	0	0	0	12	5352	1.36
8460	established	603109598	303965667	0	0	0	0	12	5352	1.67
8522	established	607591200	306229015	0	0	0	0	12	5352	1.35
8584	established	611713937	308309405	0	0	0	0	12	5352	0.933
8646	established	615494629	310215632	0	0	0	0	12	5352	1.06
8708	established	620071191	312522991	0	0	0	0	12	5352	0.808
8770	established	624500178	314756815	0	0	0	0	12	5352	0.752
8831	established	629027222	317036953	0	0	0	0	12	5352	1.62
8893	established	633559849	319318686	0	0	0	0	12	5352	1.86
8955	established	638117860	321619084	0	0	0	0	12	5352	1.18
9017	established	642626196	323881066	0	0	0	0	12	5352	1.17
9079	established	646889777	326032326	0	0	0	0	12	5352	1.63
9140	established	651242072	328228219	0	0	0	0	12	5352	1.52
9202	established	655845878	330547888	0	0	0	0	12	5352	1.97
9264	established	660303141	332794645	0	0	0	0	12	5352	2.18
9326	established	663860346	334586371	0	0	0	0	12	5352	1.26
9388	established	667821983	336581089	0	0	0	0	12	5352	1.30
9449	established	672329463	338855553	0	0	0	0	12	5352	1.27
9511	established	676917637	341172031	0	0	0	0	12	5352	1.55
9573	established	681486736	343478884	0	0	0	0	12	5352	1.35
9635	established	685214710	345359614	0	0	0	0	12	5352	1.86
9696	established	688878543	347207884	0	0	0	0	12	5352	1.51
9758	established	692499478	349033475	0	0	0	0	12	5352	2.22
9820	established	696201005	350893925	0	0	0	0	12	5352	1.69
9882	established	699723674	352669714	0	0	0	0	12	5352	1.28
9943	established	703515272	354582516	0	0	0	0	12	5352	1.20
10005	established	708080522	356886597	0	0	0	0	12	5352	1.48
10067	established	712638282	359183942	0	0	0	0	12	5352	1.04
10129	established	717149616	361454000	0	0	0	0	12	5352	1.59
10191	established	721607943	363704593	0	0	0	0	12	5352	1.40
10252	established	726187332	366015411	0	0	0	0	12	5352	1.41
10314	established	730161204	368019247	0	0	0	0	12	5352	1.61
10376	established	734660571	370289122	0	0	0	0	12	5352	0.933
10437	established	739279550	372615190	0	0	0	0	12	5352	1.25
10499	established	743895507	374944980	0	0	0	0	12	5352	1.06
10561	established	748152778	377090745	0	0	0	0	12	5352	0.837
10623	established	752655335	379361776	0	0	0	0	12	5352	1.34
10685	established	757203566	381658033	0	0	0	0	12	5352	0.977
10747	established	761684851	383920088	0	0	0	0	12	5352	1.52
10808	established	766281696	386239369	0	0	0	0	12	5352	1.51
10870	established	770909876	388566073	0	0	0	0	12	5352	1.21
10932	established	775429595	390838070	0	0	0	0	12	5352	1.37
10993	established	779929491	393102415	0	0	0	0	12	5352	1.62
11055	established	784496855	395404979	0	0	0	0	12	5352	1.83
11117	established	789017941	397685695	0	0	0	0	12	5352	1.79
11179	established	793586714	399989183	0	0	0	0	12	5352	1.40
11241	established	798083735	402257077	0	0	0	0	12	5352	0.993
11302	established	802649644	404561859	0	0	0	0	12	5352	1.34
11364	established	807134935	406821535	0	0	0	0	12	5352	1.84
11426	established	811759793	409154394	0	0	0	0	12	5352	1.14
11488	established	815745518	411156788	0	0	0	0	12	5352	1.59
11549	established	819251508	412925510	0	0	0	0	12	5352	1.33
11611	established	822767620	414698710	0	0	0	0	13	5352	1.02
11673	established	826308677	416484408	0	0	0	0	13	5352	1.48
11735	established	830785546	418741678	0	0	0	0	13	5352	1.40
11797	established	835396302	421068332	0	0	0	0	13	5352	2.37
11858	established	838859369	422814896	0	0	0	0	13	5352	1.40
11920	established	842450350	424626092	0	0	0	0	13	5352	1.45
11982	established	845921873	426377805	0	0	0	0	13	5352	1.59
12044	established	849621887	428245385	0	0	0	0	13	5352	1.51
12105	established	853131086	430015239	0	0	0	0	13	5352	1.68
12167	established	856910194	431921513	0	0	0	0	13	5352	1.31
12229	established	861473990	434224251	0	0	0	0	13	5352	1.02
12291	established	865999399	436507370	0	0	0	0	13	5352	1.03
12353	established	870553383	438805130	0	0	0	0	13	5352	1.72
12415	established	875146131	441123616	0	0	0	0	13	5352	1.36
12477	established	879649210	443387378	0	0	0	0	13	5352	1.28
12539	established	884093771	445623878	0	0	0	0	13	5352	1.36
12601	established	888649320	447922713	0	0	0	0	13	5352	1.67
12662	established	893205834	450221355	0	0	0	0	13	5352	1.31
12724	established	897603433	452436903	0	0	0	0	13	5352	1.51
12786	established	902228674	454771839	0	0	0	0	13	5352	1.47
12847	established	906843692	457093280	0	0	0	0	13	5352	1.47
12909	established	911471748	459429766	0	0	0	0	13	5352	1.30
12971	established	916070684	461750332	0	0	0	0	13	5352	0.957
13033	established	920700260	464086669	0	0	0	0	13	5352	1.68
13095	established	925237819	466376629	0	0	0	0	13	5352	1.68
13156	established	929758898	468652831	0	0	0	0	13	5352	1.84
13218	established	933604219	470591913	0	0	0	0	13	5352	1.50
13280	established	937418036	472515409	0	0	0	0	13	5352	0.850
13342	established	941929388	474793260	0	0	0	0	13	5352	0.931
13403	established	945710593	476698560	0	0	0	0	13	5352	1.96
13465	established	949211949	478465207	0	0	0	0	13	5352	1.45
13527	established	953174409	480465094	0	0	0	0	13	5352	1.06
13589	established	957727433	482761586	0	0	0	0	13	5352	1.35
13651	established	962163373	484996066	0	0	0	0	13	5352	0.926
13712	established	966674583	487263360	0	0	0	0	13	5352	1.48
13774	established	971287420	489582129	0	0	0	0	13	5352	1.05
13836	established	975899819	491900164	0	0	0	0	13	5352	1.45
13898	established	980492304	494215212	0	0	0	0	13	5352	1.18
13959	established	985044052	496505736	0	0	0	0	13	5352	1.44
14021	established	989591930	498801750	0	0	0	0	13	5352	0.990
14083	established	994054622	501055552	0	0	0	0	13	5352	1.80
14145	established	998447078	503271099	0	0	0	0	13	5352	1.54
14206	established	1002145054	505136163	0	0	0	0	13	5352	1.59
14268	established	1006113568	507138771	0	0	0	0	13	5352	1.25
14330	established	1010635129	509421704	0	0	0	0	13	5352	1.43
14392	established	1014293340	511267191	0	0	0	0	13	5352	1.16
14453	established	1018335899	513306734	0	0	0	0	13	5352	1.87
14515	established	1022887482	515604929	0	0	0	0	13	5352	1.00
14577	established	1027456941	517911325	0	0	0	0	13	5352	2.02
14639	established	1031910831	520152119	0	0	0	0	13	5352	1.46
14701	established	1036459914	522440392	0	0	0	0	13	5352	1.41
14762	established	1040486124	524469198	0	0	0	0	13	5352	1.69
14824	established	1043953180	526216890	0	0	0	0	13	5352	1.52
14886	established	1047417331	527963879	0	0	0	0	13	5352	1.28
14948	established	1051904740	530228555	0	0	0	0	13	5352	1.79
15010	established	1056456439	532525309	0	0	0	0	13	5352	1.04
15071	established	1060635197	534633361	0	0	0	0	13	5352	1.51
15133	established	1064826582	536745656	0	0	0	0	13	5352	1.32
15195	established	1069318741	539013952	0	0	0	0	13	5352	1.89
15257	established	1073889871	541320529	0	0	0	0	14	5352	1.33
15318	established	1078385531	543589044	0	0	0	0	14	5352	1.47
15380	established	1082887878	545851042	0	0	0	0	14	5352	1.44
15442	established	1087329163	548088030	0	0	0	0	14	5352	1.81
15504	established	1091915697	550400994	0	0	0	0	14	5352	1.14
15565	established	1096507635	552718748	0	0	0	0	14	5352	1.23
15627	established	1101086943	555029755	0	0	0	0	14	5352	1.32
15689	established	1105661745	557338605	0	0	0	0	14	5352	0.991
15751	established	1110234404	559644124	0	0	0	0	14	5352	1.28
15813	established	1114743590	561919187	0	0	0	0	14	5352	1.04
15875	established	1119311635	564218709	0	0	0	0	14	5352	1.47
15936	established	1123844426	566506822	0	0	0	0	14	5352	1.50
15998	established	1128414662	568806537	0	0	0	0	14	5352	2.09
16060	established	1132943321	571092709	0	0	0	0	14	5352	1.71
16122	established	1137488892	573387639	0	0	0	0	14	5352	1.41
16184	established	1142062908	575696321	0	0	0	0	14	5352	1.31
16245	established	1146646317	578008256	0	0	0	0	14	5352	1.64
16307	established	1151212809	580309282	0	0	0	0	14	5352	1.80
16369	established	1155799771	582618657	0	0	0	0	14	5352	1.89
16431	established	1160418091	584948803	0	0	0	0	14	5352	0.961
16492	established	1164929427	587226010	0	0	0	0	14	5352	1.96
16554	established	1168709155	589128193	0	0	0	0	14	5352	1.50
16616	established	1172212006	590894731	0	0	0	0	14	5352	1.44
16678	established	1176129571	592869157	0	0	0	0	14	5352	1.33
16739	established	1180165259	594905616	0	0	0	0	14	5352	1.72
16801	established	1184769521	597230534	0	0	0	0	14	5352	1.58
16863	established	1188655629	599191395	0	0	0	0	14	5352	1.36
16925	established	1193113177	601442504	0	0	0	0	14	5352	1.19
16986	established	1197666683	603740977	0	0	0	0	14	5352	1.53
17048	established	1202218388	606038076	0	0	0	0	14	5352	0.963
17110	established	1206815786	608358667	0	0	0	0	14	5352	1.28
17171	established	1211313816	610628063	0	0	0	0	14	5352	1.86
17233	established	1215409707	612695486	0	0	0	0	14	5352	1.23
17295	established	1220008458	615014240	0	0	0	0	14	5352	1.67
17357	established	1224564791	617302761	0	0	0	0	14	5352	1.39
17419	established	1229150969	619617890	0	0	0	0	14	5352	1.38
17481	established	1233604682	621864078	0	0	0	0	14	5352	1.31
17542	established	1237137140	623642919	0	0	0	0	14	5352	1.76
17604	established	1241654170	625922813	0	0	0	0	14	5352	1.32
17666	established	1245644853	627935699	0	0	0	0	14	5352	1.48
17728	established	1249267169	629764089	0	0	0	0	14	5352	1.85
17790	established	1252894778	631593648	0	0	0	0	14	5352	1.37
17851	established	1257351052	633841483	0	0	0	0	14	5352	1.44
17913	established	1261915922	636145888	0	0	0	0	14	5352	1.23
17975	established	1266417831	638418624	0	0	0	0	14	5356	1.50
18037	established	1270967831	640707796	0	0	0	0	14	5352	1.24
18098	established	1275529932	643008595	0	0	0	0	14	5352	1.72
18160	established	1280055903	645293591	0	0	0	0	14	5352	2.06
18222	established	1284675544	647621662	0	0	0	0	14	5352	0.931
18284	established	1289262589	649937483	0	0	0	0	14	5352	1.71
18346	established	1293740358	652194760	0	0	0	0	14	5352	1.38
18408	established	1298334039	654509605	0	0	0	0	14	5352	2.41
18470	established	1302224253	656472266	0	0	0	0	14	5352	1.18
18531	established	1306808238	658783886	0	0	0	0	14	5352	1.87
18593	established	1311404515	661093954	0	0	0	0	14	5352	1.15
18655	established	1316015343	663407686	0	0	0	0	15	5352	1.45
18717	established	1320561095	665701024	0	0	0	0	15	5352	1.94
18779	established	1325135856	668008873	0	0	0	0	15	5352	1.19
18841	established	1329681993	670301442	0	0	0	0	15	5352	3.27
18903	established	1334248291	672605941	0	0	0	0	15	5352	0.948
18964	established	1338708042	674841512	0	0	0	0	15	5352	0.904
19026	established	1343325253	677168155	0	0	0	0	15	5352	1.82
19088	established	1347839685	679440954	0	0	0	0	15	5352	1.84
19150	established	1352303454	681693406	0	0	0	0	15	5352	1.86
19212	established	1356787442	683956875	0	0	0	0	15	5352	1.57
19273	established	1361348792	686247301	0	0	0	0	15	5352	1.96
19335	established	1365798810	688494333	0	0	0	0	15	5352	1.24
19397	established	1370259995	690746195	0	0	0	0	15	5352	1.54
19459	established	1374808422	693039070	0	0	0	0	15	5352	0.677
19520	established	1379308104	695280884	0	0	0	0	15	5352	0.668
19582	established	1383854165	697568909	0	0	0	0	15	5352	1.43
19644	established	1388406281	699865666	0	0	0	0	15	5352	1.45
19705	established	1393001883	702185315	0	0	0	0	15	5352	1.57
19767	established	1397609990	704511541	0	0	0	0	15	5352	1.25
19829	established	1402176592	706814044	0	0	0	0	15	5352	1.92
19891	established	1406587431	709037227	0	0	0	0	15	5352	1.69
19953	established	1410715032	711120471	0	0	0	0	15	5352	2.20
20014	established	1414455369	713006789	0	0	0	0	15	5352	1.85
20076	established	1418884979	715240399	0	0	0	0	15	5352	0.682
20138	established	1423431299	717534755	0	0	0	0	15	5352	1.15
20199	established	1428008162	719845673	0	0	0	0	15	5352	1.51
20261	established	1432586940	722157387	0	0	0	0	15	5352	3.46
20323	established	1436676115	724220556	0	0	0	0	15	5352	1.62
20385	established	1440136445	725965590	0	0	0	0	15	5352	1.54
20446	established	1444109764	727966168	0	0	0	0	15	5352	1.69
20508	established	1447918589	729886917	0	0	0	0	15	5352	1.48
20570	established	1451570916	731726205	0	0	0	0	15	5352	1.82
20632	established	1455742729	733829929	0	0	0	0	15	5352	0.925
20693	established	1460235627	736098085	0	0	0	0	15	5352	1.98
20755	established	1464534231	738265616	0	0	0	0	15	5352	1.80
20817	established	1468164159	740096629	0	0	0	0	15	5352	1.73
20879	established	1471744204	741903460	0	0	0	0	15	5352	1.72
20940	established	1475503351	743800901	0	0	0	0	15	5352	1.90
21002	established	1479094924	745611333	0	0	0	0	15	5352	1.90
21064	established	1482814245	747488624	0	0	0	0	15	5352	1.46
21126	established	1487339907	749772517	0	0	0	0	15	5352	0.817
21187	established	1491937183	752092933	0	0	0	0	15	5352	1.64
21249	established	1496528763	754410540	0	0	0	0	15	5352	1.27
21311	established	1500994002	756664651	0	0	0	0	15	5352	1.83
21373	established	1505603318	758991496	0	0	0	0	15	5356	1.55
21435	established	1510213862	761319042	0	0	0	0	15	5352	1.45
21496	established	1514798733	763633855	0	0	0	0	15	5352	1.55
21558	established	1519333200	765923390	0	0	0	0	15	5352	0.888
21620	established	1523918617	768229954	0	0	0	0	15	5352	1.95
21682	established	1528535752	770555334	0	0	0	0	15	5352	1.36
21743	established	1533041501	772829283	0	0	0	0	15	5352	2.05
21805	established	1537592633	775125072	0	0	0	0	15	5352	1.47
21867	established	1542116812	777406221	0	0	0	0	15	5352	1.84
21929	established	1546683546	779703691	0	0	0	0	15	5352	1.06
21990	established	1551218534	781990339	0	0	0	0	15	5352	1.18
22052	established	1555746180	784269472	0	0	0	0	15	5352	1.25
22114	established	1560335191	786583832	0	0	0	0	15	5352	1.43
22176	established	1564906787	788889821	0	0	0	0	15	5352	1.24
22237	established	1568818625	790858303	0	0	0	0	15	5352	1.52
22299	established	1572927714	792930083	0	0	0	0	15	5352	1.59
22361	established	1576881586	794925036	0	0	0	0	16	5352	1.35
22422	established	1581403975	797203937	0	0	0	0	16	5352	1.38
22484	established	1585887952	799463054	0	0	0	0	16	5352	1.66
22546	established	1590383083	801730921	0	0	0	0	16	5352	1.85
22608	established	1594932452	804023733	0	0	0	0	16	5352	0.859
22669	established	1599428605	806283062	0	0	0	0	16	5352	1.87
22731	established	1603941053	808555551	0	0	0	0	16	5352	1.86
22793	established	1608472112	810843295	0	0	0	0	16	5352	0.929
22855	established	1612984599	813116651	0	0	0	0	16	5352	1.17
22917	established	1617482774	815378359	0	0	0	0	16	5352	0.765
22979	established	1622020694	817669767	0	0	0	0	16	5352	1.91
23041	established	1626599489	819981346	0	0	0	0	16	5352	1.42
23102	established	1631050585	822226879	0	0	0	0	16	5352	1.60
23164	established	1635635825	824540763	0	0	0	0	16	5352	1.50
23226	established	1640197424	826840035	0	0	0	0	16	5352	1.33
23287	established	1644786641	829149752	0	0	0	0	16	5352	1.86
23349	established	1649437154	831494364	0	0	0	0	16	5352	1.66
23411	established	1654040904	833816661	0	0	0	0	16	5352	1.27
23473	established	1658647996	836139022	0	0	0	0	16	5352	1.64
23535	established	1662931773	838295968	0	0	0	0	16	5352	1.63
23596	established	1666669362	840178522	0	0	0	0	16	5352	1.55
23658	established	1670762910	842239726	0	0	0	0	16	5352	1.64
23720	established	1675338568	844550141	0	0	0	0	16	5352	1.48
23782	established	1679104255	846449276	0	0	0	0	16	5352	1.05
23843	established	1682642616	848234442	0	0	0	0	16	5352	1.48
23905	established	1686255047	850055281	0	0	0	0	16	5352	1.12
23967	established	1690176805	852033173	0	0	0	0	16	5352	1.23
24028	established	1694685342	854309390	0	0	0	0	16	5352	0.772
24090	established	1698882191	856425968	0	0	0	0	16	5352	1.38
24152	established	1703338682	858675067	0	0	0	0	16	5352	1.68
24214	established	1707921815	860984515	0	0	0	0	16	5352	0.977
24275	established	1712495321	863293292	0	0	0	0	16	5352	1.80
24337	established	1716569070	865348864	0	0	0	0	16	5352	1.82
24399	established	1720611164	867388009	0	0	0	0	16	5352	1.85
24461	established	1724867182	869536302	0	0	0	0	16	5352	1.20
24522	established	1728919659	871576897	0	0	0	0	16	5352	1.80
24584	established	1733129706	873701902	0	0	0	0	16	5352	1.28
24646	established	1737593283	875953091	0	0	0	0	16	5352	3.34
24708	established	1742019945	878185500	0	0	0	0	16	5352	1.79
24770	established	1746625251	880506430	0	0	0	0	16	5352	1.39
24831	established	1751113374	882768843	0	0	0	0	16	5352	3.12
24893	established	1755498010	884973672	0	0	0	0	16	5352	1.59
24955	established	1760071757	887281513	0	0	0	0	16	5352	1.21
25016	established	1764310963	889422140	0	0	0	0	16	5352	2.06
25078	established	1768130344	891344015	0	0	0	0	16	5352	1.38
25140	established	1771756648	893173928	0	0	0	0	16	5352	1.83
25202	established	1775389865	895007226	0	0	0	0	16	5352	1.19
25263	established	1778995240	896826328	0	0	0	0	16	5352	1.80
25325	established	1783610916	899156648	0	0	0	0	16	5352	1.73
25387	established	1787385996	901062247	0	0	0	0	16	5352	1.99
25449	established	1791275142	903014371	0	0	0	0	16	5352	0.701
25510	established	1795893683	905345525	0	0	0	0	16	5352	1.75
25572	established	1800537097	907689579	0	0	0	0	16	5352	1.29
25634	established	1804493686	909685390	0	0	0	0	16	5352	1.48
25696	established	1808380916	911635255	0	0	0	0	16	5352	1.98
25758	established	1813007019	913950540	0	0	0	0	16	5352	1.25
25820	established	1817558675	916248323	0	0	0	0	16	5352	1.82
25882	established	1822057602	918517275	0	0	0	0	16	5352	1.27
25943	established	1826622907	920821108	0	0	0	0	16	5352	0.780
26005	established	1831225213	923144101	0	0	0	0	16	5352	1.87
26067	established	1835187357	925143259	0	0	0	0	16	5352	0.790
26129	established	1839072339	927103038	0	0	0	0	16	5352	1.33
26191	established	1842825931	928996956	0	0	0	0	16	5352	1.19
26252	established	1846397516	930799672	0	0	0	0	17	5352	1.20
26314	established	1850432478	932836057	0	0	0	0	17	5352	0.996
26376	established	1854984269	935132987	0	0	0	0	17	5352	1.60
26437	established	1859559844	937441236	0	0	0	0	17	5352	1.25
26499	established	1864162936	939758121	0	0	0	0	17	5352	0.899
26561	established	1868756602	942075276	0	0	0	0	17	5352	1.71
26623	established	1873353279	944392599	0	0	0	0	17	5352	1.30
26684	established	1877915371	946693103	0	0	0	0	17	5352	1.51
26746	established	1882346973	948924940	0	0	0	0	17	5352	2.19
26808	established	1886024621	950780905	0	0	0	0	17	5352	0.850
26870	established	1889645925	952608548	0	0	0	0	17	5352	1.77
26931	established	1893362612	954484231	0	0	0	0	17	5352	1.14
26993	established	1897632976	956639723	0	0	0	0	17	5352	1.84
27055	established	1901362236	958520901	0	0	0	0	17	5352	3.06
27117	established	1905748974	960732489	0	0	0	0	17	5352	1.56
27179	established	1909909964	962830764	0	0	0	0	17	5352	0.860
27240	established	1914318628	965055010	0	0	0	0	17	5352	1.42
27302	established	1918929122	967374742	0	0	0	0	17	5352	1.41
27364	established	1923538023	969697779	0	0	0	0	17	5352	1.73
27426	established	1928155438	972020166	0	0	0	0	17	5352	1.00
27488	established	1932793097	974344002	0	0	0	0	17	5352	1.42
27549	established	1937382914	976647284	0	0	0	0	17	5352	1.75
27611	established	1941950513	978943420	0	0	0	0	17	5352	1.64
27673	established	1946547689	981259311	0	0	0	0	17	5352	1.42
27734	established	1951150510	983580395	0	0	0	0	17	5352	1.80
27796	established	1955758968	985902720	0	0	0	0	17	5352	1.57
27858	established	1960346184	988210543	0	0	0	0	17	5352	1.60
27920	established	1964947640	990518733	0	0	0	0	17	5352	1.64
27981	established	1969446338	992783064	0	0	0	0	17	5352	1.74
28043	established	1973965216	995054975	0	0	0	0	17	5352	1.18
28105	established	1978444429	997311982	0	0	0	0	17	5352	0.992
28167	established	1983063145	999635444	0	0	0	0	17	5352	1.55
28228	established	1987685310	1001946207	0	0	0	0	17	5352	1.32
28290	established	1991372911	1003804057	0	0	0	0	17	5352	1.59
28352	established	1995534959	1005904170	0	0	0	0	17	5352	1.36
28414	established	2000034259	1008174856	0	0	0	0	17	5352	1.12
28475	established	2004428131	1010393391	0	0	0	0	17	5352	1.25
28537	established	2008823174	1012611111	0	0	0	0	17	5352	0.686
28599	established	2013392638	1014917783	0	0	0	0	17	5352	1.20
28661	established	2017973634	1017224139	0	0	0	0	17	5352	1.16
28722	established	2022404045	1019461546	0	0	0	0	17	5352	2.08
28784	established	2025975230	1021261860	0	0	0	0	17	5352	1.51
28846	established	2029950966	1023266857	0	0	0	0	17	5352	1.65
28908	established	2034346924	1025483082	0	0	0	0	17	5352	1.32
28970	established	2038130975	1027388176	0	0	0	0	17	5352	1.42
29031	established	2042749825	1029713949	0	0	0	0	17	5352	1.41
29093	established	2047382519	1032052511	0	0	0	0	17	5352	1.24
29155	established	2052014425	1034390160	0	0	0	0	17	5352	1.13
29217	established	2056081667	1036441609	0	0	0	0	17	5352	1.64
29279	established	2059560522	1038195722	0	0	0	0	17	5352	1.54
29340	established	2063896843	1040378072	0	0	0	0	17	5352	2.05
29402	established	2068241498	1042567306	0	0	0	0	17	5352	1.74
29464	established	2072799141	1044867931	0	0	0	0	17	5352	1.28
29526	established	2077411510	1047196117	0	0	0	0	17	5352	2.05
29587	established	2082015139	1049518777	0	0	0	0	17	5352	2.33
29649	established	2086381645	1051714778	0	0	0	0	17	5352	1.24
29711	established	2090966896	1054019746	0	0	0	0	17	5352	1.20
29773	established	2095542305	1056329227	0	0	0	0	17	5352	0.696
29834	established	2100158593	1058657108	0	0	0	0	17	5352	1.35
29896	established	2104704517	1060952453	0	0	0	0	17	5352	2.23
29958	established	2108744141	1062991560	0	0	0	0	17	5352	1.64
30020	established	2112892867	1065085296	0	0	0	0	17	5352	1.28
30082	established	2117189860	1067253895	0	0	0	0	17	5352	0.987
30144	established	2121739403	1069550177	0	0	0	0	17	5352	0.595
30205	established	2126315144	1071859544	0	0	0	0	18	5352	0.976
30267	established	2130919119	1074183058	0	0	0	0	18	5352	1.84
30329	established	2135499831	1076489669	0	0	0	0	18	5352	1.82
30391	established	2139095779	1078303644	0	0	0	0	18	5352	2.03
30453	established	2143707414	1080631546	0	0	0	0	18	5352	1.37
30515	established	2148344469	1082971647	0	0	0	0	18	5352	2.17
30576	established	2152956902	1085299551	0	0	0	0	18	5352	1.56
30638	established	2157478273	1087581150	0	0	0	0	18	5352	1.10
30700	established	2161261899	1089485238	0	0	0	0	18	5352	1.32
30762	established	2165344258	1091545090	0	0	0	0	18	5352	1.42
30824	established	2169759936	1093768223	0	0	0	0	18	5352	1.39
30885	established	2173806439	1095808029	0	0	0	0	18	5352	1.63
30947	established	2178064654	1097954832	0	0	0	0	18	5352	2.16
31009	established	2182110650	1099991284	0	0	0	0	18	5352	1.27
31071	established	2186657222	1102285504	0	0	0	0	18	5352	1.40
31133	established	2191141619	1104547582	0	0	0	0	18	5352	1.72
31194	established	2195642430	1106816846	0	0	0	0	18	5352	1.18
31256	established	2199658645	1108841736	0	0	0	0	18	5352	1.46
31318	established	2203884993	1110972907	0	0	0	0	18	5352	0.944
31379	established	2208299474	1113198149	0	0	0	0	18	5352	1.47
31441	established	2212913946	1115515758	0	0	0	0	18	5352	1.66
31503	established	2217530247	1117828560	0	0	0	0	18	5352	0.923
31565	established	2222129260	1120139494	0	0	0	0	18	5352	1.32
31627	established	2226748949	1122460019	0	0	0	0	18	5352	1.06
31688	established	2231320670	1124758108	0	0	0	0	18	5352	0.904
31750	established	2235937679	1127080675	0	0	0	0	18	5352	1.13
31812	established	2240539070	1129397280	0	0	0	0	18	5352	1.35
31873	established	2245123935	1131692892	0	0	0	0	18	5352	1.83
31935	established	2249724132	1134011871	0	0	0	0	18	5352	1.45
31997	established	2253768132	1136049715	0	0	0	0	18	5352	1.65
32058	established	2257272588	1137817854	0	0	0	0	18	5352	1.62
32120	established	2260828847	1139610925	0	0	0	0	18	5352	1.50
32182	established	2265439672	1141934266	0	0	0	0	18	5352	1.44
32244	established	2270064289	1144261121	0	0	0	0	18	5352	1.17
32305	established	2274383313	1146435251	0	0	0	0	18	5352	1.13
32367	established	2278936637	1148731598	0	0	0	0	18	5352	1.53
32429	established	2283504453	1151023272	0	0	0	0	18	5352	1.25
32491	established	2288112015	1153343260	0	0	0	0	18	5352	1.65
32552	established	2291808493	1155205066	0	0	0	0	18	5352	1.06
32614	established	2296439737	1157535321	0	0	0	0	18	5352	1.56
32676	established	2301063381	1159858089	0	0	0	0	18	5352	1.35
32738	established	2305487640	1162088095	0	0	0	0	18	5352	1.55
32800	established	2309165199	1163943421	0	0	0	0	18	5352	1.65
32862	established	2312671993	1165712403	0	0	0	0	18	5352	1.28
32923	established	2316153723	1167468509	0	0	0	0	18	5352	2.17
32985	established	2319937155	1169375224	0	0	0	0	18	5352	1.06
33047	established	2324500142	1171668470	0	0	0	0	18	5352	1.49
33109	established	2327962694	1173414918	0	0	0	0	18	5352	1.61
33170	established	2331475338	1175186145	0	0	0	0	18	5352	1.29
33232	established	2335067866	1176998611	0	0	0	0	18	5352	1.82
33294	established	2338593018	1178776763	0	0	0	0	18	5352	1.63
33356	established	2342456189	1180724062	0	0	0	0	18	5352	3.05
33418	established	2345923774	1182473145	0	0	0	0	18	5352	1.06
33479	established	2349393865	1184223226	0	0	0	0	18	5352	1.28
33541	established	2352852201	1185968300	0	0	0	0	18	5352	1.64
33603	established	2357260872	1188188206	0	0	0	0	18	5352	1.69
33664	established	2361861615	1190509531	0	0	0	0	18	5352	1.23
33726	established	2366475565	1192835717	0	0	0	0	18	5352	1.43
33788	established	2371009881	1195122175	0	0	0	0	18	5352	1.06
33850	established	2375539100	1197405933	0	0	0	0	18	5352	1.56
33911	established	2380102027	1199706423	0	0	0	0	18	5352	1.39
33973	established	2384647908	1201992646	0	0	0	0	18	5352	1.28
34035	established	2389005746	1204191729	0	0	0	0	18	5352	1.78
34096	established	2393514481	1206466651	0	0	0	0	18	5352	1.44
34158	established	2398100847	1208782189	0	0	0	0	19	5352	2.18
34220	established	2402676088	1211091579	0	0	0	0	19	5352	1.24
34282	established	2407135510	1213336155	0	0	0	0	19	5352	0.940
34344	established	2411716259	1215648225	0	0	0	0	19	5352	1.01
34406	established	2416242509	1217932704	0	0	0	0	19	5352	1.46
34467	established	2420312219	1219987612	0	0	0	0	19	5352	1.61
34529	established	2424017462	1221857445	0	0	0	0	19	5352	1.32
34591	established	2428500732	1224120244	0	0	0	0	19	5352	1.37
34653	established	2432945724	1226361596	0	0	0	0	19	5352	1.94
34714	established	2437467408	1228634723	0	0	0	0	19	5352	1.48
34776	established	2441665902	1230747622	0	0	0	0	19	5352	1.57
34838	established	2445774634	1232817526	0	0	0	0	19	5352	1.77
34900	established	2450398404	1235151704	0	0	0	0	19	5352	1.23
34961	established	2455028874	1237487087	0	0	0	0	19	5352	0.962
35023	established	2459547651	1239763087	0	0	0	0	19	5352	1.21
35085	established	2463616567	1241815541	0	0	0	0	19	5352	1.37
35147	established	2467097783	1243571756	0	0	0	0	19	5352	1.82
35209	established	2470969921	1245520322	0	0	0	0	19	5352	1.42
35270	established	2474495242	1247298904	0	0	0	0	19	5352	1.49
35332	established	2478029727	1249081511	0	0	0	0	19	5352	1.21
35394	established	2482581125	1251376387	0	0	0	0	19	5352	1.33
35455	established	2486971056	1253591937	0	0	0	0	19	5352	0.952
35517	established	2491535409	1255894830	0	0	0	0	19	5352	1.16
35579	established	2496071780	1258184525	0	0	0	0	19	5352	1.40
35641	established	2500615821	1260477850	0	0	0	0	19	5352	1.04
35703	established	2505163918	1262768669	0	0	0	0	19	5352	1.93
35765	established	2509760728	1265083180	0	0	0	0	19	5352	1.08
35826	established	2514366724	1267404203	0	0	0	0	19	5352	1.19
35888	established	2518897607	1269691280	0	0	0	0	19	5352	2.56
35950	established	2523465399	1271992530	0	0	0	0	19	5352	2.26
36012	established	2528021172	1274287893	0	0	0	0	19	5352	1.54
36074	established	2532557858	1276574982	0	0	0	0	19	5352	1.29
36135	established	2537042411	1278826446	0	0	0	0	19	5352	1.51
36197	established	2541466757	1281060184	0	0	0	0	19	5352	1.03
36259	established	2546067859	1283379179	0	0	0	0	19	5352	1.45
36321	established	2550659541	1285696629	0	0	0	0	19	5352	1.70
36382	established	2554928294	1287850606	0	0	0	0	19	5352	1.56
36444	established	2558389995	1289596799	0	0	0	0	19	5352	1.58
36506	established	2562578885	1291710633	0	0	0	0	19	5352	1.05
36567	established	2567104440	1293991890	0	0	0	0	19	5352	1.56
36629	established	2571661937	1296293436	0	0	0	0	19	5352	1.30
36691	established	2576137512	1298551636	0	0	0	0	19	5352	1.60
36753	established	2580637232	1300817324	0	0	0	0	19	5352	1.46
36814	established	2585167403	1303104096	0	0	0	0	19	5352	2.71
36876	established	2589762935	1305423335	0	0	0	0	19	5352	1.23
36938	established	2594351809	1307739017	0	0	0	0	19	5352	1.03
37000	established	2598930135	1310049022	0	0	0	0	19	5352	1.63
37062	established	2603253175	1312230714	0	0	0	0	19	5352	1.13
37124	established	2607827082	1314538811	0	0	0	0	19	5352	1.33
37185	established	2612424370	1316855461	0	0	0	0	19	5352	1.05
37247	established	2617001403	1319162260	0	0	0	0	19	5352	1.86
37309	established	2621532558	1321449374	0	0	0	0	19	5352	1.11
37371	established	2626111395	1323759397	0	0	0	0	19	5352	1.90
37432	established	2630710716	1326079109	0	0	0	0	19	5352	1.30
37494	established	2635323276	1328404189	0	0	0	0	19	5352	1.69
37556	established	2639972222	1330745293	0	0	0	0	19	5352	1.44
37618	established	2644554624	1333056968	0	0	0	0	19	5352	1.43
37680	established	2649172125	1335376490	0	0	0	0	19	5352	1.80
37741	established	2653783554	1337701514	0	0	0	0	19	5352	1.27
37803	established	2658261648	1339960273	0	0	0	0	20	5352	1.43
37865	established	2662717112	1342207574	0	0	0	0	20	5352	0.866
37927	established	2667294105	1344508060	0	0	0	0	20	5352	1.69
37989	established	2671831885	1346796965	0	0	0	0	20	5352	1.56
38051	established	2676408506	1349101864	0	0	0	0	20	5352	1.90
38112	established	2680975540	1351407010	0	0	0	0	20	5352	1.08
38174	established	2685511438	1353695098	0	0	0	0	20	5356	1.75
38236	established	2690087646	1356001794	0	0	0	0	20	5352	1.44
38298	established	2694608988	1358284157	0	0	0	0	20	5352	1.56
38359	established	2699209518	1360604866	0	0	0	0	20	5352	1.07
38421	established	2703715339	1362873309	0	0	0	0	20	5352	1.52
38483	established	2707521627	1364790185	0	0	0	0	20	5352	1.86
38545	established	2711563362	1366823689	0	0	0	0	20	5352	1.24
38607	established	2716113553	1369121786	0	0	0	0	20	5352	1.67
38669	established	2720579485	1371367709	0	0	0	0	20	5352	1.48
38730	established	2725052575	1373622032	0	0	0	0	20	5352	1.75
38792	established	2729574866	1375899206	0	0	0	0	20	5352	0.942
38854	established	2734156311	1378212829	0	0	0	0	20	5352	1.59
38916	established	2738741393	1380527149	0	0	0	0	20	5352	1.48
38978	established	2743335071	1382845686	0	0	0	0	20	5352	1.32
39039	established	2747941669	1385167610	0	0	0	0	20	5352	1.18
39101	established	2752548246	1387493483	0	0	0	0	20	5352	1.58
39163	established	2757170003	1389823560	0	0	0	0	20	5352	1.57
39225	established	2761766601	1392144374	0	0	0	0	20	5352	1.25
39286	established	2766272791	1394416239	0	0	0	0	20	5352	1.16
39348	established	2770415312	1396504337	0	0	0	0	20	5352	1.63
39410	established	2775038610	1398831169	0	0	0	0	20	5352	1.17
39472	established	2779574917	1401121188	0	0	0	0	20	5352	1.29
39534	established	2784135770	1403423024	0	0	0	0	20	5352	1.41
39596	established	2788254232	1405493888	0	0	0	0	20	5352	2.03
39657	established	2791725266	1407244729	0	0	0	0	20	5352	1.69
39719	established	2795194128	1408993930	0	0	0	0	20	5352	1.41
39781	established	2799016193	1410921718	0	0	0	0	20	5352	2.15
39843	established	2803572473	1413220949	0	0	0	0	20	5352	1.57
39905	established	2808125956	1415517367	0	0	0	0	20	5352	0.995
39967	established	2812683642	1417818050	0	0	0	0	20	5352	1.68
40028	established	2816281385	1419632760	0	0	0	0	20	5352	1.79
40090	established	2819793677	1421396083	0	0	0	0	20	5352	1.35
40152	established	2823619764	1423324673	0	0	0	0	20	5352	1.33
40214	established	2827653129	1425359619	0	0	0	0	20	5352	1.40
40276	established	2832050428	1427574121	0	0	0	0	20	5352	1.93
40338	established	2836627092	1429880122	0	0	0	0	20	5352	1.26
40399	established	2841232762	1432204690	0	0	0	0	20	5352	1.24
40461	established	2845713176	1434461969	0	0	0	0	20	5352	1.38
40523	established	2850298557	1436777217	0	0	0	0	20	5352	1.89
40585	established	2854785746	1439039540	0	0	0	0	20	5352	0.868
40647	established	2859370660	1441348485	0	0	0	0	20	5352	1.48
40708	established	2863796228	1443582518	0	0	0	0	20	5352	1.93
40770	established	2867743165	1445574139	0	0	0	0	20	5352	1.12
40832	established	2871299305	1447367444	0	0	0	0	20	5352	1.50
40893	established	2874837392	1449152168	0	0	0	0	20	5352	1.89
40955	established	2878497087	1450998581	0	0	0	0	20	5352	0.998
41017	established	2883036694	1453290389	0	0	0	0	20	5352	1.19
41079	established	2887550986	1455567832	0	0	0	0	20	5352	1.75
41141	established	2892152961	1457883917	0	0	0	0	20	5352	1.69
41202	established	2896707669	1460181748	0	0	0	0	21	5352	1.93
41264	established	2901260658	1462480182	0	0	0	0	21	5352	2.05
41326	established	2905756573	1464746680	0	0	0	0	21	5352	1.11
41388	established	2910265596	1467016520	0	0	0	0	21	5352	1.03
41449	established	2914738586	1469271528	0	0	0	0	21	5352	1.85
41511	established	2919229046	1471535804	0	0	0	0	21	5352	1.72
41573	established	2923738245	1473810813	0	0	0	0	21	5352	1.19
41635	established	2928362657	1476144981	0	0	0	0	21	5352	0.795
41696	established	2932820586	1478395374	0	0	0	0	21	5352	1.43
41758	established	2936607110	1480306131	0	0	0	0	21	5352	1.48
41820	established	2941022539	1482532963	0	0	0	0	21	5352	1.49
41882	established	2945219005	1484649383	0	0	0	0	21	5352	1.80
41944	established	2948688827	1486398399	0	0	0	0	21	5352	1.90
42005	established	2952164649	1488150849	0	0	0	0	21	5352	1.52
42067	established	2955763520	1489966514	0	0	0	0	21	5352	1.06
42129	established	2960110297	1492160454	0	0	0	0	21	5352	1.14
42191	established	2964732466	1494489146	0	0	0	0	21	5352	1.87
42253	established	2969362695	1496820570	0	0	0	0	21	5352	1.40
42314	established	2973979926	1499141023	0	0	0	0	21	5352	1.18
42376	established	2978595362	1501461984	0	0	0	0	21	5352	1.90
42437	established	2983202151	1503783298	0	0	0	0	21	5352	1.95
42499	established	2987813016	1506103958	0	0	0	0	21	5352	1.61
42561	established	2992443331	1508438392	0	0	0	0	21	5352	1.48
42623	established	2997062116	1510763736	0	0	0	0	21	5352	0.867
42684	established	3001656102	1513060772	0	0	0	0	21	5352	1.62
42746	established	3006270278	1515381925	0	0	0	0	21	5352	0.867
42808	established	3010885230	1517707338	0	0	0	0	21	5352	1.58
42869	established	3015428471	1519999138	0	0	0	0	21	5352	1.24
42931	established	3019835237	1522216733	0	0	0	0	21	5352	1.76
42993	established	3024286593	1524462415	0	0	0	0	21	5352	1.75
43055	established	3028684844	1526682294	0	0	0	0	21	5352	1.23
43117	established	3033165105	1528943880	0	0	0	0	21	5352	1.30
43179	established	3037739723	1531253327	0	0	0	0	21	5352	2.90
