utc,pass,provider,region,anchor,elapsed_ms,reported_rtt_ms,status
2026-10-08T23:29:16.574128+00:00,1,aws,us-east-1,s3.us-east-1.amazonaws.com,45.692334,45,ok
2026-10-08T23:29:16.629418+00:00,1,aws,us-east-2,s3.us-east-2.amazonaws.com,40.173753,40,ok
2026-10-08T23:29:16.682274+00:00,1,aws,us-west-1,s3.us-west-1.amazonaws.com,29.850798,29,ok
2026-10-08T23:29:16.725634+00:00,1,aws,us-west-2,s3.us-west-2.amazonaws.com,24.912241,24,ok
2026-10-08T23:29:16.762637+00:00,1,azure,centralus,centralus.livediagnostics.monitor.azure.com,28.655415,28,ok
2026-10-08T23:29:16.820449+00:00,1,azure,eastus,eastus.livediagnostics.monitor.azure.com,42.380346,42,ok
2026-10-08T23:29:16.876317+00:00,1,azure,eastus2,eastus2.livediagnostics.monitor.azure.com,48.062621,48,ok
2026-10-08T23:29:16.944857+00:00,1,azure,northcentralus,northcentralus.livediagnostics.monitor.azure.com,31.198065,31,ok
2026-10-08T23:29:17.005403+00:00,1,azure,southcentralus,southcentralus.livediagnostics.monitor.azure.com,29.219398,29,ok
2026-10-08T23:29:17.049151+00:00,1,azure,westcentralus,westcentralus.api.cognitive.microsoft.com,23.984959,23,ok
2026-10-08T23:29:17.138868+00:00,1,azure,westus,westus.livediagnostics.monitor.azure.com,30.817604,30,ok
2026-10-08T23:29:17.189914+00:00,1,azure,westus2,westus2.livediagnostics.monitor.azure.com,33.975594,33,ok
2026-10-08T23:29:17.243743+00:00,1,azure,westus3,westus3.livediagnostics.monitor.azure.com,34.177701,34,ok
2026-10-08T23:29:17.309455+00:00,1,gcp,us-central1,storage.us-central1.rep.googleapis.com,35.248822,35,ok
2026-10-08T23:29:17.378244+00:00,1,gcp,us-east1,storage.us-east1.rep.googleapis.com,57.474604,57,ok
2026-10-08T23:29:17.468320+00:00,1,gcp,us-east4,storage.us-east4.rep.googleapis.com,49.280987,49,ok
2026-10-08T23:29:17.565269+00:00,1,gcp,us-east5,storage.us-east5.rep.googleapis.com,46.593446,46,ok
2026-10-08T23:29:17.648483+00:00,1,gcp,us-south1,storage.us-south1.rep.googleapis.com,23.347739,23,ok
2026-10-08T23:29:17.708455+00:00,1,gcp,us-west1,storage.us-west1.rep.googleapis.com,67.388987,67,ok
2026-10-08T23:29:17.813012+00:00,1,gcp,us-west2,storage.us-west2.rep.googleapis.com,40.605720,40,ok
2026-10-08T23:29:17.891639+00:00,1,gcp,us-west3,storage.us-west3.rep.googleapis.com,65.833451,65,ok
2026-10-08T23:29:17.994067+00:00,1,gcp,us-west4,storage.us-west4.rep.googleapis.com,50.091411,50,ok
2026-10-08T23:29:19.079961+00:00,2,aws,us-east-2,s3.us-east-2.amazonaws.com,41.339230,41,ok
2026-10-08T23:29:19.129231+00:00,2,aws,us-west-1,s3.us-west-1.amazonaws.com,29.247641,29,ok
2026-10-08T23:29:19.165990+00:00,2,aws,us-west-2,s3.us-west-2.amazonaws.com,24.692240,24,ok
2026-10-08T23:29:19.197573+00:00,2,azure,centralus,centralus.livediagnostics.monitor.azure.com,27.422000,27,ok
2026-10-08T23:29:19.232067+00:00,2,azure,eastus,eastus.livediagnostics.monitor.azure.com,45.779505,45,ok
2026-10-08T23:29:19.285338+00:00,2,azure,eastus2,eastus2.livediagnostics.monitor.azure.com,48.417004,48,ok
2026-10-08T23:29:19.340425+00:00,2,azure,northcentralus,northcentralus.livediagnostics.monitor.azure.com,29.660311,29,ok
2026-10-08T23:29:19.376065+00:00,2,azure,southcentralus,southcentralus.livediagnostics.monitor.azure.com,26.983340,26,ok
2026-10-08T23:29:19.409584+00:00,2,azure,westcentralus,westcentralus.api.cognitive.microsoft.com,23.293938,23,ok
2026-10-08T23:29:19.439294+00:00,2,azure,westus,westus.livediagnostics.monitor.azure.com,31.558217,31,ok
2026-10-08T23:29:19.478780+00:00,2,azure,westus2,westus2.livediagnostics.monitor.azure.com,35.098029,35,ok
2026-10-08T23:29:19.520182+00:00,2,azure,westus3,westus3.livediagnostics.monitor.azure.com,34.599410,34,ok
2026-10-08T23:29:19.561788+00:00,2,gcp,us-central1,storage.us-central1.rep.googleapis.com,36.633057,36,ok
2026-10-08T23:29:19.605528+00:00,2,gcp,us-east1,storage.us-east1.rep.googleapis.com,60.740175,60,ok
2026-10-08T23:29:19.672724+00:00,2,gcp,us-east4,storage.us-east4.rep.googleapis.com,47.738434,47,ok
2026-10-08T23:29:19.726103+00:00,2,gcp,us-east5,storage.us-east5.rep.googleapis.com,47.035553,47,ok
2026-10-08T23:29:19.780322+00:00,2,gcp,us-south1,storage.us-south1.rep.googleapis.com,24.758934,24,ok
2026-10-08T23:29:19.811742+00:00,2,gcp,us-west1,storage.us-west1.rep.googleapis.com,57.495394,57,ok
2026-10-08T23:29:19.875625+00:00,2,gcp,us-west2,storage.us-west2.rep.googleapis.com,42.972011,42,ok
2026-10-08T23:29:19.926170+00:00,2,gcp,us-west3,storage.us-west3.rep.googleapis.com,67.307673,67,ok
2026-10-08T23:29:19.999934+00:00,2,gcp,us-west4,storage.us-west4.rep.googleapis.com,47.349227,47,ok
2026-10-08T23:29:20.054172+00:00,2,aws,us-east-1,s3.us-east-1.amazonaws.com,47.874058,47,ok
2026-10-08T23:29:21.113657+00:00,3,aws,us-west-1,s3.us-west-1.amazonaws.com,29.140159,29,ok
2026-10-08T23:29:21.155621+00:00,3,aws,us-west-2,s3.us-west-2.amazonaws.com,24.887975,24,ok
2026-10-08T23:29:21.190903+00:00,3,azure,centralus,centralus.livediagnostics.monitor.azure.com,30.431442,30,ok
2026-10-08T23:29:21.229257+00:00,3,azure,eastus,eastus.livediagnostics.monitor.azure.com,43.714908,43,ok
2026-10-08T23:29:21.283397+00:00,3,azure,eastus2,eastus2.livediagnostics.monitor.azure.com,48.603542,48,ok
2026-10-08T23:29:21.338738+00:00,3,azure,northcentralus,northcentralus.livediagnostics.monitor.azure.com,30.069285,30,ok
2026-10-08T23:29:21.374934+00:00,3,azure,southcentralus,southcentralus.livediagnostics.monitor.azure.com,31.473479,31,ok
2026-10-08T23:29:21.414087+00:00,3,azure,westcentralus,westcentralus.api.cognitive.microsoft.com,24.913302,24,ok
2026-10-08T23:29:21.445905+00:00,3,azure,westus,westus.livediagnostics.monitor.azure.com,32.856883,32,ok
2026-10-08T23:29:21.486531+00:00,3,azure,westus2,westus2.livediagnostics.monitor.azure.com,35.065348,35,ok
2026-10-08T23:29:21.528329+00:00,3,azure,westus3,westus3.livediagnostics.monitor.azure.com,34.174214,34,ok
2026-10-08T23:29:21.568379+00:00,3,gcp,us-central1,storage.us-central1.rep.googleapis.com,45.972617,45,ok
2026-10-08T23:29:21.620632+00:00,3,gcp,us-east1,storage.us-east1.rep.googleapis.com,60.612886,60,ok
2026-10-08T23:29:21.688281+00:00,3,gcp,us-east4,storage.us-east4.rep.googleapis.com,50.779556,50,ok
2026-10-08T23:29:21.746438+00:00,3,gcp,us-east5,storage.us-east5.rep.googleapis.com,47.543961,47,ok
2026-10-08T23:29:21.800438+00:00,3,gcp,us-south1,storage.us-south1.rep.googleapis.com,26.315512,26,ok
2026-10-08T23:29:21.832821+00:00,3,gcp,us-west1,storage.us-west1.rep.googleapis.com,65.521208,65,ok
2026-10-08T23:29:21.905373+00:00,3,gcp,us-west2,storage.us-west2.rep.googleapis.com,41.947315,41,ok
2026-10-08T23:29:21.953978+00:00,3,gcp,us-west3,storage.us-west3.rep.googleapis.com,66.606162,66,ok
2026-10-08T23:29:22.027967+00:00,3,gcp,us-west4,storage.us-west4.rep.googleapis.com,43.082226,43,ok
2026-10-08T23:29:22.077614+00:00,3,aws,us-east-1,s3.us-east-1.amazonaws.com,47.195380,47,ok
2026-10-08T23:29:22.130573+00:00,3,aws,us-east-2,s3.us-east-2.amazonaws.com,41.955721,41,ok
2026-10-08T23:29:23.182807+00:00,4,aws,us-west-2,s3.us-west-2.amazonaws.com,25.223332,25,ok
2026-10-08T23:29:23.218267+00:00,4,azure,centralus,centralus.livediagnostics.monitor.azure.com,29.598475,29,ok
2026-10-08T23:29:23.253212+00:00,4,azure,eastus,eastus.livediagnostics.monitor.azure.com,41.314773,41,ok
2026-10-08T23:29:23.301561+00:00,4,azure,eastus2,eastus2.livediagnostics.monitor.azure.com,45.655282,45,ok
2026-10-08T23:29:23.353855+00:00,4,azure,northcentralus,northcentralus.livediagnostics.monitor.azure.com,30.866895,30,ok
2026-10-08T23:29:23.391671+00:00,4,azure,southcentralus,southcentralus.livediagnostics.monitor.azure.com,31.013129,31,ok
2026-10-08T23:29:23.429624+00:00,4,azure,westcentralus,westcentralus.api.cognitive.microsoft.com,24.122345,24,ok
2026-10-08T23:29:23.460580+00:00,4,azure,westus,westus.livediagnostics.monitor.azure.com,31.864889,31,ok
2026-10-08T23:29:23.499241+00:00,4,azure,westus2,westus2.livediagnostics.monitor.azure.com,33.368328,33,ok
2026-10-08T23:29:23.538296+00:00,4,azure,westus3,westus3.livediagnostics.monitor.azure.com,35.927990,35,ok
2026-10-08T23:29:23.579821+00:00,4,gcp,us-central1,storage.us-central1.rep.googleapis.com,36.304143,36,ok
2026-10-08T23:29:23.621339+00:00,4,gcp,us-east1,storage.us-east1.rep.googleapis.com,60.681063,60,ok
2026-10-08T23:29:23.687629+00:00,4,gcp,us-east4,storage.us-east4.rep.googleapis.com,49.787993,49,ok
2026-10-08T23:29:23.744562+00:00,4,gcp,us-east5,storage.us-east5.rep.googleapis.com,45.497588,45,ok
2026-10-08T23:29:23.796876+00:00,4,gcp,us-south1,storage.us-south1.rep.googleapis.com,25.148983,25,ok
2026-10-08T23:29:23.828463+00:00,4,gcp,us-west1,storage.us-west1.rep.googleapis.com,64.012196,64,ok
2026-10-08T23:29:23.897526+00:00,4,gcp,us-west2,storage.us-west2.rep.googleapis.com,42.193014,42,ok
2026-10-08T23:29:23.945732+00:00,4,gcp,us-west3,storage.us-west3.rep.googleapis.com,66.761122,66,ok
2026-10-08T23:29:24.019053+00:00,4,gcp,us-west4,storage.us-west4.rep.googleapis.com,41.520207,41,ok
2026-10-08T23:29:24.066724+00:00,4,aws,us-east-1,s3.us-east-1.amazonaws.com,44.670532,44,ok
2026-10-08T23:29:24.120468+00:00,4,aws,us-east-2,s3.us-east-2.amazonaws.com,40.172048,40,ok
2026-10-08T23:29:24.172929+00:00,4,aws,us-west-1,s3.us-west-1.amazonaws.com,28.811584,28,ok
2026-10-08T23:29:25.210540+00:00,5,azure,centralus,centralus.livediagnostics.monitor.azure.com,27.937843,27,ok
2026-10-08T23:29:25.246456+00:00,5,azure,eastus,eastus.livediagnostics.monitor.azure.com,44.477339,44,ok
2026-10-08T23:29:25.297972+00:00,5,azure,eastus2,eastus2.livediagnostics.monitor.azure.com,50.737046,50,ok
2026-10-08T23:29:25.355328+00:00,5,azure,northcentralus,northcentralus.livediagnostics.monitor.azure.com,28.599589,28,ok
2026-10-08T23:29:25.389809+00:00,5,azure,southcentralus,southcentralus.livediagnostics.monitor.azure.com,30.746781,30,ok
2026-10-08T23:29:25.426540+00:00,5,azure,westcentralus,westcentralus.api.cognitive.microsoft.com,22.762043,22,ok
2026-10-08T23:29:25.455897+00:00,5,azure,westus,westus.livediagnostics.monitor.azure.com,32.843276,32,ok
2026-10-08T23:29:25.496039+00:00,5,azure,westus2,westus2.livediagnostics.monitor.azure.com,32.615702,32,ok
2026-10-08T23:29:25.535006+00:00,5,azure,westus3,westus3.livediagnostics.monitor.azure.com,35.802625,35,ok
2026-10-08T23:29:25.577065+00:00,5,gcp,us-central1,storage.us-central1.rep.googleapis.com,36.088799,36,ok
2026-10-08T23:29:25.618554+00:00,5,gcp,us-east1,storage.us-east1.rep.googleapis.com,59.304912,59,ok
2026-10-08T23:29:25.684268+00:00,5,gcp,us-east4,storage.us-east4.rep.googleapis.com,49.561839,49,ok
2026-10-08T23:29:25.740865+00:00,5,gcp,us-east5,storage.us-east5.rep.googleapis.com,45.682062,45,ok
2026-10-08T23:29:25.793530+00:00,5,gcp,us-south1,storage.us-south1.rep.googleapis.com,24.696107,24,ok
2026-10-08T23:29:25.824652+00:00,5,gcp,us-west1,storage.us-west1.rep.googleapis.com,62.592142,62,ok
2026-10-08T23:29:25.894446+00:00,5,gcp,us-west2,storage.us-west2.rep.googleapis.com,43.686935,43,ok
2026-10-08T23:29:25.944717+00:00,5,gcp,us-west3,storage.us-west3.rep.googleapis.com,67.383483,67,ok
2026-10-08T23:29:26.018550+00:00,5,gcp,us-west4,storage.us-west4.rep.googleapis.com,43.500075,43,ok
2026-10-08T23:29:26.067825+00:00,5,aws,us-east-1,s3.us-east-1.amazonaws.com,45.907173,45,ok
2026-10-08T23:29:26.125056+00:00,5,aws,us-east-2,s3.us-east-2.amazonaws.com,39.819308,39,ok
2026-10-08T23:29:26.170934+00:00,5,aws,us-west-1,s3.us-west-1.amazonaws.com,28.973707,28,ok
2026-10-08T23:29:26.206850+00:00,5,aws,us-west-2,s3.us-west-2.amazonaws.com,25.520156,25,ok
2026-10-08T23:29:27.243063+00:00,6,azure,eastus,eastus.livediagnostics.monitor.azure.com,44.041456,44,ok
2026-10-08T23:29:27.293616+00:00,6,azure,eastus2,eastus2.livediagnostics.monitor.azure.com,49.173914,49,ok
2026-10-08T23:29:27.351978+00:00,6,azure,northcentralus,northcentralus.livediagnostics.monitor.azure.com,27.782652,27,ok
2026-10-08T23:29:27.385607+00:00,6,azure,southcentralus,southcentralus.livediagnostics.monitor.azure.com,31.070215,31,ok
2026-10-08T23:29:27.423999+00:00,6,azure,westcentralus,westcentralus.api.cognitive.microsoft.com,26.695481,26,ok
2026-10-08T23:29:27.462783+00:00,6,azure,westus,westus.livediagnostics.monitor.azure.com,31.281849,31,ok
2026-10-08T23:29:27.502006+00:00,6,azure,westus2,westus2.livediagnostics.monitor.azure.com,33.519059,33,ok
2026-10-08T23:29:27.542620+00:00,6,azure,westus3,westus3.livediagnostics.monitor.azure.com,33.720756,33,ok
2026-10-08T23:29:27.582267+00:00,6,gcp,us-central1,storage.us-central1.rep.googleapis.com,349.356242,349,ok
2026-10-08T23:29:27.938450+00:00,6,gcp,us-east1,storage.us-east1.rep.googleapis.com,60.071202,60,ok
2026-10-08T23:29:28.004951+00:00,6,gcp,us-east4,storage.us-east4.rep.googleapis.com,50.036245,50,ok
2026-10-08T23:29:28.060879+00:00,6,gcp,us-east5,storage.us-east5.rep.googleapis.com,45.636285,45,ok
2026-10-08T23:29:28.112672+00:00,6,gcp,us-south1,storage.us-south1.rep.googleapis.com,25.634590,25,ok
2026-10-08T23:29:28.144901+00:00,6,gcp,us-west1,storage.us-west1.rep.googleapis.com,63.522921,63,ok
2026-10-08T23:29:28.214293+00:00,6,gcp,us-west2,storage.us-west2.rep.googleapis.com,42.026932,42,ok
2026-10-08T23:29:28.263353+00:00,6,gcp,us-west3,storage.us-west3.rep.googleapis.com,66.908045,66,ok
2026-10-08T23:29:28.336364+00:00,6,gcp,us-west4,storage.us-west4.rep.googleapis.com,49.925057,49,ok
2026-10-08T23:29:28.393277+00:00,6,aws,us-east-1,s3.us-east-1.amazonaws.com,49.528046,49,ok
2026-10-08T23:29:28.453368+00:00,6,aws,us-east-2,s3.us-east-2.amazonaws.com,41.202382,41,ok
2026-10-08T23:29:28.504843+00:00,6,aws,us-west-1,s3.us-west-1.amazonaws.com,28.344421,28,ok
2026-10-08T23:29:28.542549+00:00,6,aws,us-west-2,s3.us-west-2.amazonaws.com,26.085513,26,ok
2026-10-08T23:29:28.578417+00:00,6,azure,centralus,centralus.livediagnostics.monitor.azure.com,26.726188,26,ok
2026-10-08T23:29:29.611864+00:00,7,azure,eastus2,eastus2.livediagnostics.monitor.azure.com,47.036190,47,ok
2026-10-08T23:29:29.666641+00:00,7,azure,northcentralus,northcentralus.livediagnostics.monitor.azure.com,29.852128,29,ok
2026-10-08T23:29:29.702542+00:00,7,azure,southcentralus,southcentralus.livediagnostics.monitor.azure.com,27.695560,27,ok
2026-10-08T23:29:29.739971+00:00,7,azure,westcentralus,westcentralus.api.cognitive.microsoft.com,24.213243,24,ok
2026-10-08T23:29:29.780085+00:00,7,azure,westus,westus.livediagnostics.monitor.azure.com,31.998739,31,ok
2026-10-08T23:29:29.819402+00:00,7,azure,westus2,westus2.livediagnostics.monitor.azure.com,33.962658,33,ok
2026-10-08T23:29:29.861060+00:00,7,azure,westus3,westus3.livediagnostics.monitor.azure.com,35.427785,35,ok
2026-10-08T23:29:29.901982+00:00,7,gcp,us-central1,storage.us-central1.rep.googleapis.com,36.803384,36,ok
2026-10-08T23:29:29.945013+00:00,7,gcp,us-east1,storage.us-east1.rep.googleapis.com,60.411648,60,ok
2026-10-08T23:29:30.011329+00:00,7,gcp,us-east4,storage.us-east4.rep.googleapis.com,47.752939,47,ok
2026-10-08T23:29:30.065291+00:00,7,gcp,us-east5,storage.us-east5.rep.googleapis.com,46.017367,46,ok
2026-10-08T23:29:30.116765+00:00,7,gcp,us-south1,storage.us-south1.rep.googleapis.com,24.653817,24,ok
2026-10-08T23:29:30.149112+00:00,7,gcp,us-west1,storage.us-west1.rep.googleapis.com,60.807666,60,ok
2026-10-08T23:29:30.216519+00:00,7,gcp,us-west2,storage.us-west2.rep.googleapis.com,44.438297,44,ok
2026-10-08T23:29:30.267795+00:00,7,gcp,us-west3,storage.us-west3.rep.googleapis.com,67.828794,67,ok
2026-10-08T23:29:30.342012+00:00,7,gcp,us-west4,storage.us-west4.rep.googleapis.com,48.952320,48,ok
2026-10-08T23:29:30.396775+00:00,7,aws,us-east-1,s3.us-east-1.amazonaws.com,46.449183,46,ok
2026-10-08T23:29:30.450654+00:00,7,aws,us-east-2,s3.us-east-2.amazonaws.com,37.681174,37,ok
2026-10-08T23:29:30.496056+00:00,7,aws,us-west-1,s3.us-west-1.amazonaws.com,29.964889,29,ok
2026-10-08T23:29:30.532612+00:00,7,aws,us-west-2,s3.us-west-2.amazonaws.com,27.144009,27,ok
2026-10-08T23:29:30.568439+00:00,7,azure,centralus,centralus.livediagnostics.monitor.azure.com,29.108058,29,ok
2026-10-08T23:29:30.605423+00:00,7,azure,eastus,eastus.livediagnostics.monitor.azure.com,44.665191,44,ok
2026-10-08T23:29:31.658342+00:00,8,azure,northcentralus,northcentralus.livediagnostics.monitor.azure.com,27.055744,27,ok
2026-10-08T23:29:31.693325+00:00,8,azure,southcentralus,southcentralus.livediagnostics.monitor.azure.com,29.543391,29,ok
2026-10-08T23:29:31.727974+00:00,8,azure,westcentralus,westcentralus.api.cognitive.microsoft.com,24.654458,24,ok
2026-10-08T23:29:31.786774+00:00,8,azure,westus,westus.livediagnostics.monitor.azure.com,31.925260,31,ok
2026-10-08T23:29:31.825274+00:00,8,azure,westus2,westus2.livediagnostics.monitor.azure.com,32.143648,32,ok
2026-10-08T23:29:31.863237+00:00,8,azure,westus3,westus3.livediagnostics.monitor.azure.com,35.436310,35,ok
2026-10-08T23:29:31.903575+00:00,8,gcp,us-central1,storage.us-central1.rep.googleapis.com,36.891148,36,ok
2026-10-08T23:29:31.946502+00:00,8,gcp,us-east1,storage.us-east1.rep.googleapis.com,60.130091,60,ok
2026-10-08T23:29:32.013664+00:00,8,gcp,us-east4,storage.us-east4.rep.googleapis.com,47.918718,47,ok
2026-10-08T23:29:32.067994+00:00,8,gcp,us-east5,storage.us-east5.rep.googleapis.com,45.940302,45,ok
2026-10-08T23:29:32.121928+00:00,8,gcp,us-south1,storage.us-south1.rep.googleapis.com,28.651484,28,ok
2026-10-08T23:29:32.158431+00:00,8,gcp,us-west1,storage.us-west1.rep.googleapis.com,62.717443,62,ok
2026-10-08T23:29:32.227827+00:00,8,gcp,us-west2,storage.us-west2.rep.googleapis.com,42.091864,42,ok
2026-10-08T23:29:32.277404+00:00,8,gcp,us-west3,storage.us-west3.rep.googleapis.com,67.407286,67,ok
2026-10-08T23:29:32.352382+00:00,8,gcp,us-west4,storage.us-west4.rep.googleapis.com,45.036785,45,ok
2026-10-08T23:29:32.403283+00:00,8,aws,us-east-1,s3.us-east-1.amazonaws.com,48.252372,48,ok
2026-10-08T23:29:32.463750+00:00,8,aws,us-east-2,s3.us-east-2.amazonaws.com,38.606040,38,ok
2026-10-08T23:29:32.511793+00:00,8,aws,us-west-1,s3.us-west-1.amazonaws.com,28.157522,28,ok
2026-10-08T23:29:32.552789+00:00,8,aws,us-west-2,s3.us-west-2.amazonaws.com,24.525416,24,ok
2026-10-08T23:29:32.590529+00:00,8,azure,centralus,centralus.livediagnostics.monitor.azure.com,29.603333,29,ok
2026-10-08T23:29:32.639568+00:00,8,azure,eastus,eastus.livediagnostics.monitor.azure.com,43.125023,43,ok
2026-10-08T23:29:32.694511+00:00,8,azure,eastus2,eastus2.livediagnostics.monitor.azure.com,50.559701,50,ok
2026-10-08T23:29:33.755790+00:00,9,azure,southcentralus,southcentralus.livediagnostics.monitor.azure.com,29.759685,29,ok
2026-10-08T23:29:33.802643+00:00,9,azure,westcentralus,westcentralus.api.cognitive.microsoft.com,25.282641,25,ok
2026-10-08T23:29:33.836309+00:00,9,azure,westus,westus.livediagnostics.monitor.azure.com,34.117225,34,ok
2026-10-08T23:29:33.887617+00:00,9,azure,westus2,westus2.livediagnostics.monitor.azure.com,32.813921,32,ok
2026-10-08T23:29:33.937355+00:00,9,azure,westus3,westus3.livediagnostics.monitor.azure.com,35.414699,35,ok
2026-10-08T23:29:33.987973+00:00,9,gcp,us-central1,storage.us-central1.rep.googleapis.com,36.825194,36,ok
2026-10-08T23:29:34.031410+00:00,9,gcp,us-east1,storage.us-east1.rep.googleapis.com,60.253581,60,ok
2026-10-08T23:29:34.098315+00:00,9,gcp,us-east4,storage.us-east4.rep.googleapis.com,49.455088,49,ok
2026-10-08T23:29:34.152836+00:00,9,gcp,us-east5,storage.us-east5.rep.googleapis.com,47.220384,47,ok
2026-10-08T23:29:34.207686+00:00,9,gcp,us-south1,storage.us-south1.rep.googleapis.com,25.020912,25,ok
2026-10-08T23:29:34.239623+00:00,9,gcp,us-west1,storage.us-west1.rep.googleapis.com,62.884345,62,ok
2026-10-08T23:29:34.309895+00:00,9,gcp,us-west2,storage.us-west2.rep.googleapis.com,44.493239,44,ok
2026-10-08T23:29:34.362357+00:00,9,gcp,us-west3,storage.us-west3.rep.googleapis.com,68.962982,68,ok
2026-10-08T23:29:34.437816+00:00,9,gcp,us-west4,storage.us-west4.rep.googleapis.com,44.287484,44,ok
2026-10-08T23:29:34.489483+00:00,9,aws,us-east-1,s3.us-east-1.amazonaws.com,48.106389,48,ok
2026-10-08T23:29:34.543920+00:00,9,aws,us-east-2,s3.us-east-2.amazonaws.com,40.155044,40,ok
2026-10-08T23:29:34.595302+00:00,9,aws,us-west-1,s3.us-west-1.amazonaws.com,31.260869,31,ok
2026-10-08T23:29:34.633878+00:00,9,aws,us-west-2,s3.us-west-2.amazonaws.com,25.613860,25,ok
2026-10-08T23:29:34.667985+00:00,9,azure,centralus,centralus.livediagnostics.monitor.azure.com,28.194261,28,ok
2026-10-08T23:29:34.703562+00:00,9,azure,eastus,eastus.livediagnostics.monitor.azure.com,41.754322,41,ok
2026-10-08T23:29:34.753841+00:00,9,azure,eastus2,eastus2.livediagnostics.monitor.azure.com,49.132084,49,ok
2026-10-08T23:29:34.808494+00:00,9,azure,northcentralus,northcentralus.livediagnostics.monitor.azure.com,27.364630,27,ok
2026-10-08T23:29:35.854111+00:00,10,azure,westcentralus,westcentralus.api.cognitive.microsoft.com,24.284016,24,ok
2026-10-08T23:29:35.886410+00:00,10,azure,westus,westus.livediagnostics.monitor.azure.com,33.336526,33,ok
2026-10-08T23:29:35.927378+00:00,10,azure,westus2,westus2.livediagnostics.monitor.azure.com,35.142461,35,ok
2026-10-08T23:29:35.970392+00:00,10,azure,westus3,westus3.livediagnostics.monitor.azure.com,35.841786,35,ok
2026-10-08T23:29:36.012774+00:00,10,gcp,us-central1,storage.us-central1.rep.googleapis.com,37.318405,37,ok
2026-10-08T23:29:36.058641+00:00,10,gcp,us-east1,storage.us-east1.rep.googleapis.com,60.359819,60,ok
2026-10-08T23:29:36.126040+00:00,10,gcp,us-east4,storage.us-east4.rep.googleapis.com,50.749595,50,ok
2026-10-08T23:29:36.182876+00:00,10,gcp,us-east5,storage.us-east5.rep.googleapis.com,47.618406,47,ok
2026-10-08T23:29:36.237867+00:00,10,gcp,us-south1,storage.us-south1.rep.googleapis.com,25.684291,25,ok
2026-10-08T23:29:36.269924+00:00,10,gcp,us-west1,storage.us-west1.rep.googleapis.com,58.986092,58,ok
2026-10-08T23:29:36.334968+00:00,10,gcp,us-west2,storage.us-west2.rep.googleapis.com,40.483808,40,ok
2026-10-08T23:29:36.382569+00:00,10,gcp,us-west3,storage.us-west3.rep.googleapis.com,66.865833,66,ok
2026-10-08T23:29:36.456647+00:00,10,gcp,us-west4,storage.us-west4.rep.googleapis.com,44.713671,44,ok
2026-10-08T23:29:36.508642+00:00,10,aws,us-east-1,s3.us-east-1.amazonaws.com,46.067960,46,ok
2026-10-08T23:29:36.562349+00:00,10,aws,us-east-2,s3.us-east-2.amazonaws.com,40.056449,40,ok
2026-10-08T23:29:36.611387+00:00,10,aws,us-west-1,s3.us-west-1.amazonaws.com,29.467610,29,ok
2026-10-08T23:29:36.647860+00:00,10,aws,us-west-2,s3.us-west-2.amazonaws.com,25.769872,25,ok
2026-10-08T23:29:36.681290+00:00,10,azure,centralus,centralus.livediagnostics.monitor.azure.com,29.766256,29,ok
2026-10-08T23:29:36.718921+00:00,10,azure,eastus,eastus.livediagnostics.monitor.azure.com,42.574854,42,ok
2026-10-08T23:29:36.771803+00:00,10,azure,eastus2,eastus2.livediagnostics.monitor.azure.com,47.060765,47,ok
2026-10-08T23:29:36.825397+00:00,10,azure,northcentralus,northcentralus.livediagnostics.monitor.azure.com,27.968268,27,ok
2026-10-08T23:29:36.859384+00:00,10,azure,southcentralus,southcentralus.livediagnostics.monitor.azure.com,27.792900,27,ok
2026-10-08T23:29:37.893297+00:00,11,azure,westus,westus.livediagnostics.monitor.azure.com,31.233538,31,ok
2026-10-08T23:29:37.931417+00:00,11,azure,westus2,westus2.livediagnostics.monitor.azure.com,33.228865,33,ok
2026-10-08T23:29:37.970391+00:00,11,azure,westus3,westus3.livediagnostics.monitor.azure.com,34.016637,34,ok
2026-10-08T23:29:38.010997+00:00,11,gcp,us-central1,storage.us-central1.rep.googleapis.com,34.674225,34,ok
2026-10-08T23:29:38.052747+00:00,11,gcp,us-east1,storage.us-east1.rep.googleapis.com,59.662425,59,ok
2026-10-08T23:29:38.119566+00:00,11,gcp,us-east4,storage.us-east4.rep.googleapis.com,48.679819,48,ok
2026-10-08T23:29:38.175187+00:00,11,gcp,us-east5,storage.us-east5.rep.googleapis.com,45.487185,45,ok
2026-10-08T23:29:38.227869+00:00,11,gcp,us-south1,storage.us-south1.rep.googleapis.com,26.294682,26,ok
2026-10-08T23:29:38.261761+00:00,11,gcp,us-west1,storage.us-west1.rep.googleapis.com,63.112410,63,ok
2026-10-08T23:29:38.331623+00:00,11,gcp,us-west2,storage.us-west2.rep.googleapis.com,42.922353,42,ok
2026-10-08T23:29:38.380591+00:00,11,gcp,us-west3,storage.us-west3.rep.googleapis.com,66.312769,66,ok
2026-10-08T23:29:38.453403+00:00,11,gcp,us-west4,storage.us-west4.rep.googleapis.com,43.113370,43,ok
2026-10-08T23:29:38.502331+00:00,11,aws,us-east-1,s3.us-east-1.amazonaws.com,49.273508,49,ok
2026-10-08T23:29:38.560999+00:00,11,aws,us-east-2,s3.us-east-2.amazonaws.com,38.069468,38,ok
2026-10-08T23:29:38.605640+00:00,11,aws,us-west-1,s3.us-west-1.amazonaws.com,29.075896,29,ok
2026-10-08T23:29:38.670528+00:00,11,aws,us-west-2,s3.us-west-2.amazonaws.com,25.731560,25,ok
2026-10-08T23:29:38.710558+00:00,11,azure,centralus,centralus.livediagnostics.monitor.azure.com,27.615449,27,ok
2026-10-08T23:29:38.745154+00:00,11,azure,eastus,eastus.livediagnostics.monitor.azure.com,41.417973,41,ok
2026-10-08T23:29:38.795566+00:00,11,azure,eastus2,eastus2.livediagnostics.monitor.azure.com,48.686351,48,ok
2026-10-08T23:29:38.851038+00:00,11,azure,northcentralus,northcentralus.livediagnostics.monitor.azure.com,29.224074,29,ok
2026-10-08T23:29:38.886598+00:00,11,azure,southcentralus,southcentralus.livediagnostics.monitor.azure.com,27.247281,27,ok
2026-10-08T23:29:38.920226+00:00,11,azure,westcentralus,westcentralus.api.cognitive.microsoft.com,23.658136,23,ok
2026-10-08T23:29:39.975240+00:00,12,azure,westus2,westus2.livediagnostics.monitor.azure.com,32.229928,32,ok
2026-10-08T23:29:40.015314+00:00,12,azure,westus3,westus3.livediagnostics.monitor.azure.com,33.948539,33,ok
2026-10-08T23:29:40.055213+00:00,12,gcp,us-central1,storage.us-central1.rep.googleapis.com,35.422463,35,ok
2026-10-08T23:29:40.097584+00:00,12,gcp,us-east1,storage.us-east1.rep.googleapis.com,58.895311,58,ok
2026-10-08T23:29:40.164318+00:00,12,gcp,us-east4,storage.us-east4.rep.googleapis.com,49.406616,49,ok
2026-10-08T23:29:40.220053+00:00,12,gcp,us-east5,storage.us-east5.rep.googleapis.com,44.919323,44,ok
2026-10-08T23:29:40.272286+00:00,12,gcp,us-south1,storage.us-south1.rep.googleapis.com,26.496538,26,ok
2026-10-08T23:29:40.304834+00:00,12,gcp,us-west1,storage.us-west1.rep.googleapis.com,61.510086,61,ok
2026-10-08T23:29:40.371940+00:00,12,gcp,us-west2,storage.us-west2.rep.googleapis.com,42.939736,42,ok
2026-10-08T23:29:40.422584+00:00,12,gcp,us-west3,storage.us-west3.rep.googleapis.com,67.382998,67,ok
2026-10-08T23:29:40.496676+00:00,12,gcp,us-west4,storage.us-west4.rep.googleapis.com,43.259892,43,ok
2026-10-08T23:29:40.546298+00:00,12,aws,us-east-1,s3.us-east-1.amazonaws.com,45.026704,45,ok
2026-10-08T23:29:40.597704+00:00,12,aws,us-east-2,s3.us-east-2.amazonaws.com,39.006768,39,ok
2026-10-08T23:29:40.646205+00:00,12,aws,us-west-1,s3.us-west-1.amazonaws.com,28.462460,28,ok
2026-10-08T23:29:40.681394+00:00,12,aws,us-west-2,s3.us-west-2.amazonaws.com,25.704519,25,ok
2026-10-08T23:29:40.712806+00:00,12,azure,centralus,centralus.livediagnostics.monitor.azure.com,31.338383,31,ok
2026-10-08T23:29:40.751198+00:00,12,azure,eastus,eastus.livediagnostics.monitor.azure.com,42.859235,42,ok
2026-10-08T23:29:40.800942+00:00,12,azure,eastus2,eastus2.livediagnostics.monitor.azure.com,48.656685,48,ok
2026-10-08T23:29:40.857515+00:00,12,azure,northcentralus,northcentralus.livediagnostics.monitor.azure.com,31.472563,31,ok
2026-10-08T23:29:40.896457+00:00,12,azure,southcentralus,southcentralus.livediagnostics.monitor.azure.com,28.730080,28,ok
2026-10-08T23:29:40.930960+00:00,12,azure,westcentralus,westcentralus.api.cognitive.microsoft.com,25.699750,25,ok
2026-10-08T23:29:40.965307+00:00,12,azure,westus,westus.livediagnostics.monitor.azure.com,30.941171,30,ok
2026-10-08T23:29:42.003041+00:00,13,azure,westus3,westus3.livediagnostics.monitor.azure.com,36.079860,36,ok
2026-10-08T23:29:42.046282+00:00,13,gcp,us-central1,storage.us-central1.rep.googleapis.com,37.300480,37,ok
2026-10-08T23:29:42.090182+00:00,13,gcp,us-east1,storage.us-east1.rep.googleapis.com,58.672154,58,ok
2026-10-08T23:29:42.155397+00:00,13,gcp,us-east4,storage.us-east4.rep.googleapis.com,50.061849,50,ok
2026-10-08T23:29:42.211157+00:00,13,gcp,us-east5,storage.us-east5.rep.googleapis.com,45.397996,45,ok
2026-10-08T23:29:42.263682+00:00,13,gcp,us-south1,storage.us-south1.rep.googleapis.com,24.152889,24,ok
2026-10-08T23:29:42.294845+00:00,13,gcp,us-west1,storage.us-west1.rep.googleapis.com,59.277075,59,ok
2026-10-08T23:29:42.360423+00:00,13,gcp,us-west2,storage.us-west2.rep.googleapis.com,44.928851,44,ok
2026-10-08T23:29:42.411642+00:00,13,gcp,us-west3,storage.us-west3.rep.googleapis.com,69.172621,69,ok
2026-10-08T23:29:42.488110+00:00,13,gcp,us-west4,storage.us-west4.rep.googleapis.com,51.232837,51,ok
2026-10-08T23:29:42.545878+00:00,13,aws,us-east-1,s3.us-east-1.amazonaws.com,45.891318,45,ok
2026-10-08T23:29:42.600828+00:00,13,aws,us-east-2,s3.us-east-2.amazonaws.com,40.830525,40,ok
2026-10-08T23:29:42.649513+00:00,13,aws,us-west-1,s3.us-west-1.amazonaws.com,30.402054,30,ok
2026-10-08T23:29:42.686924+00:00,13,aws,us-west-2,s3.us-west-2.amazonaws.com,26.293899,26,ok
2026-10-08T23:29:42.720277+00:00,13,azure,centralus,centralus.livediagnostics.monitor.azure.com,28.980728,28,ok
2026-10-08T23:29:42.756749+00:00,13,azure,eastus,eastus.livediagnostics.monitor.azure.com,43.212354,43,ok
2026-10-08T23:29:42.808543+00:00,13,azure,eastus2,eastus2.livediagnostics.monitor.azure.com,46.736286,46,ok
2026-10-08T23:29:42.863281+00:00,13,azure,northcentralus,northcentralus.livediagnostics.monitor.azure.com,28.160326,28,ok
2026-10-08T23:29:42.898152+00:00,13,azure,southcentralus,southcentralus.livediagnostics.monitor.azure.com,29.906648,29,ok
2026-10-08T23:29:42.934399+00:00,13,azure,westcentralus,westcentralus.api.cognitive.microsoft.com,25.673620,25,ok
2026-10-08T23:29:42.965490+00:00,13,azure,westus,westus.livediagnostics.monitor.azure.com,30.711612,30,ok
2026-10-08T23:29:43.003320+00:00,13,azure,westus2,westus2.livediagnostics.monitor.azure.com,32.740872,32,ok
2026-10-08T23:29:44.042772+00:00,14,gcp,us-central1,storage.us-central1.rep.googleapis.com,35.550210,35,ok
2026-10-08T23:29:44.086507+00:00,14,gcp,us-east1,storage.us-east1.rep.googleapis.com,61.489768,61,ok
2026-10-08T23:29:44.154892+00:00,14,gcp,us-east4,storage.us-east4.rep.googleapis.com,49.380046,49,ok
2026-10-08T23:29:44.210535+00:00,14,gcp,us-east5,storage.us-east5.rep.googleapis.com,46.081854,46,ok
2026-10-08T23:29:44.262571+00:00,14,gcp,us-south1,storage.us-south1.rep.googleapis.com,25.452717,25,ok
2026-10-08T23:29:44.294625+00:00,14,gcp,us-west1,storage.us-west1.rep.googleapis.com,55.254930,55,ok
2026-10-08T23:29:44.356521+00:00,14,gcp,us-west2,storage.us-west2.rep.googleapis.com,42.694055,42,ok
2026-10-08T23:29:44.406195+00:00,14,gcp,us-west3,storage.us-west3.rep.googleapis.com,66.546403,66,ok
2026-10-08T23:29:44.479290+00:00,14,gcp,us-west4,storage.us-west4.rep.googleapis.com,45.082508,45,ok
2026-10-08T23:29:44.528728+00:00,14,aws,us-east-1,s3.us-east-1.amazonaws.com,45.067379,45,ok
2026-10-08T23:29:44.584070+00:00,14,aws,us-east-2,s3.us-east-2.amazonaws.com,37.837743,37,ok
2026-10-08T23:29:44.628416+00:00,14,aws,us-west-1,s3.us-west-1.amazonaws.com,29.647553,29,ok
2026-10-08T23:29:44.669006+00:00,14,aws,us-west-2,s3.us-west-2.amazonaws.com,24.919892,24,ok
2026-10-08T23:29:44.705280+00:00,14,azure,centralus,centralus.livediagnostics.monitor.azure.com,29.363663,29,ok
2026-10-08T23:29:44.742796+00:00,14,azure,eastus,eastus.livediagnostics.monitor.azure.com,44.791034,44,ok
2026-10-08T23:29:44.795648+00:00,14,azure,eastus2,eastus2.livediagnostics.monitor.azure.com,51.851553,51,ok
2026-10-08T23:29:44.854592+00:00,14,azure,northcentralus,northcentralus.livediagnostics.monitor.azure.com,31.594371,31,ok
2026-10-08T23:29:44.892678+00:00,14,azure,southcentralus,southcentralus.livediagnostics.monitor.azure.com,29.244641,29,ok
2026-10-08T23:29:44.928124+00:00,14,azure,westcentralus,westcentralus.api.cognitive.microsoft.com,23.665138,23,ok
2026-10-08T23:29:44.958766+00:00,14,azure,westus,westus.livediagnostics.monitor.azure.com,32.098342,32,ok
2026-10-08T23:29:44.998195+00:00,14,azure,westus2,westus2.livediagnostics.monitor.azure.com,34.357282,34,ok
2026-10-08T23:29:45.039011+00:00,14,azure,westus3,westus3.livediagnostics.monitor.azure.com,34.813705,34,ok
2026-10-08T23:29:46.081514+00:00,15,gcp,us-east1,storage.us-east1.rep.googleapis.com,58.165216,58,ok
2026-10-08T23:29:46.147356+00:00,15,gcp,us-east4,storage.us-east4.rep.googleapis.com,49.840395,49,ok
2026-10-08T23:29:46.203486+00:00,15,gcp,us-east5,storage.us-east5.rep.googleapis.com,45.063073,45,ok
2026-10-08T23:29:46.256059+00:00,15,gcp,us-south1,storage.us-south1.rep.googleapis.com,26.830058,26,ok
2026-10-08T23:29:46.288754+00:00,15,gcp,us-west1,storage.us-west1.rep.googleapis.com,57.795056,57,ok
2026-10-08T23:29:46.353050+00:00,15,gcp,us-west2,storage.us-west2.rep.googleapis.com,44.247545,44,ok
2026-10-08T23:29:46.403493+00:00,15,gcp,us-west3,storage.us-west3.rep.googleapis.com,67.599339,67,ok
2026-10-08T23:29:46.477383+00:00,15,gcp,us-west4,storage.us-west4.rep.googleapis.com,48.119911,48,ok
2026-10-08T23:29:46.532734+00:00,15,aws,us-east-1,s3.us-east-1.amazonaws.com,46.423713,46,ok
2026-10-08T23:29:46.587034+00:00,15,aws,us-east-2,s3.us-east-2.amazonaws.com,40.224522,40,ok
2026-10-08T23:29:46.639282+00:00,15,aws,us-west-1,s3.us-west-1.amazonaws.com,30.545702,30,ok
2026-10-08T23:29:46.676663+00:00,15,aws,us-west-2,s3.us-west-2.amazonaws.com,24.316915,24,ok
2026-10-08T23:29:46.706544+00:00,15,azure,centralus,centralus.livediagnostics.monitor.azure.com,28.093511,28,ok
2026-10-08T23:29:46.747436+00:00,15,azure,eastus,eastus.livediagnostics.monitor.azure.com,43.139767,43,ok
2026-10-08T23:29:46.798359+00:00,15,azure,eastus2,eastus2.livediagnostics.monitor.azure.com,47.103383,47,ok
2026-10-08T23:29:46.851661+00:00,15,azure,northcentralus,northcentralus.livediagnostics.monitor.azure.com,27.204309,27,ok
2026-10-08T23:29:46.889076+00:00,15,azure,southcentralus,southcentralus.livediagnostics.monitor.azure.com,30.501468,30,ok
2026-10-08T23:29:46.925618+00:00,15,azure,westcentralus,westcentralus.api.cognitive.microsoft.com,24.048113,24,ok
2026-10-08T23:29:46.956684+00:00,15,azure,westus,westus.livediagnostics.monitor.azure.com,30.777705,30,ok
2026-10-08T23:29:46.994735+00:00,15,azure,westus2,westus2.livediagnostics.monitor.azure.com,34.344257,34,ok
2026-10-08T23:29:47.036361+00:00,15,azure,westus3,westus3.livediagnostics.monitor.azure.com,33.764936,33,ok
2026-10-08T23:29:47.081934+00:00,15,gcp,us-central1,storage.us-central1.rep.googleapis.com,35.269636,35,ok
2026-10-08T23:29:48.124452+00:00,16,gcp,us-east4,storage.us-east4.rep.googleapis.com,49.475784,49,ok
2026-10-08T23:29:48.181930+00:00,16,gcp,us-east5,storage.us-east5.rep.googleapis.com,46.622784,46,ok
2026-10-08T23:29:48.234389+00:00,16,gcp,us-south1,storage.us-south1.rep.googleapis.com,24.012486,24,ok
2026-10-08T23:29:48.264683+00:00,16,gcp,us-west1,storage.us-west1.rep.googleapis.com,64.130910,64,ok
2026-10-08T23:29:48.336104+00:00,16,gcp,us-west2,storage.us-west2.rep.googleapis.com,41.459508,41,ok
2026-10-08T23:29:48.384296+00:00,16,gcp,us-west3,storage.us-west3.rep.googleapis.com,68.082542,68,ok
2026-10-08T23:29:48.458165+00:00,16,gcp,us-west4,storage.us-west4.rep.googleapis.com,43.240736,43,ok
2026-10-08T23:29:48.508949+00:00,16,aws,us-east-1,s3.us-east-1.amazonaws.com,46.209431,46,ok
2026-10-08T23:29:48.561125+00:00,16,aws,us-east-2,s3.us-east-2.amazonaws.com,39.628107,39,ok
2026-10-08T23:29:48.606861+00:00,16,aws,us-west-1,s3.us-west-1.amazonaws.com,31.225751,31,ok
2026-10-08T23:29:48.645820+00:00,16,aws,us-west-2,s3.us-west-2.amazonaws.com,25.698916,25,ok
2026-10-08T23:29:48.678603+00:00,16,azure,centralus,centralus.livediagnostics.monitor.azure.com,29.916506,29,ok
2026-10-08T23:29:48.722949+00:00,16,azure,eastus,eastus.livediagnostics.monitor.azure.com,43.246667,43,ok
2026-10-08T23:29:48.773089+00:00,16,azure,eastus2,eastus2.livediagnostics.monitor.azure.com,46.116607,46,ok
2026-10-08T23:29:48.866577+00:00,16,azure,northcentralus,northcentralus.livediagnostics.monitor.azure.com,33.751760,33,ok
2026-10-08T23:29:48.909642+00:00,16,azure,southcentralus,southcentralus.livediagnostics.monitor.azure.com,31.134611,31,ok
2026-10-08T23:29:48.951762+00:00,16,azure,westcentralus,westcentralus.api.cognitive.microsoft.com,24.388620,24,ok
2026-10-08T23:29:48.987173+00:00,16,azure,westus,westus.livediagnostics.monitor.azure.com,32.050532,32,ok
2026-10-08T23:29:49.035372+00:00,16,azure,westus2,westus2.livediagnostics.monitor.azure.com,34.309502,34,ok
2026-10-08T23:29:49.085631+00:00,16,azure,westus3,westus3.livediagnostics.monitor.azure.com,35.729734,35,ok
2026-10-08T23:29:49.146632+00:00,16,gcp,us-central1,storage.us-central1.rep.googleapis.com,36.935357,36,ok
2026-10-08T23:29:49.190638+00:00,16,gcp,us-east1,storage.us-east1.rep.googleapis.com,59.132923,59,ok
2026-10-08T23:29:50.257113+00:00,17,gcp,us-east5,storage.us-east5.rep.googleapis.com,47.202606,47,ok
2026-10-08T23:29:50.311013+00:00,17,gcp,us-south1,storage.us-south1.rep.googleapis.com,46.265415,46,ok
2026-10-08T23:29:50.363670+00:00,17,gcp,us-west1,storage.us-west1.rep.googleapis.com,58.135269,58,ok
2026-10-08T23:29:50.428840+00:00,17,gcp,us-west2,storage.us-west2.rep.googleapis.com,43.306318,43,ok
2026-10-08T23:29:50.479044+00:00,17,gcp,us-west3,storage.us-west3.rep.googleapis.com,66.688636,66,ok
2026-10-08T23:29:50.552549+00:00,17,gcp,us-west4,storage.us-west4.rep.googleapis.com,44.121110,44,ok
2026-10-08T23:29:50.603423+00:00,17,aws,us-east-1,s3.us-east-1.amazonaws.com,50.491470,50,ok
2026-10-08T23:29:50.663003+00:00,17,aws,us-east-2,s3.us-east-2.amazonaws.com,38.584036,38,ok
2026-10-08T23:29:50.707961+00:00,17,aws,us-west-1,s3.us-west-1.amazonaws.com,28.887153,28,ok
2026-10-08T23:29:50.748109+00:00,17,aws,us-west-2,s3.us-west-2.amazonaws.com,25.839488,25,ok
2026-10-08T23:29:50.779716+00:00,17,azure,centralus,centralus.livediagnostics.monitor.azure.com,30.802460,30,ok
2026-10-08T23:29:50.817000+00:00,17,azure,eastus,eastus.livediagnostics.monitor.azure.com,44.046551,44,ok
2026-10-08T23:29:50.868096+00:00,17,azure,eastus2,eastus2.livediagnostics.monitor.azure.com,45.132780,45,ok
2026-10-08T23:29:50.919115+00:00,17,azure,northcentralus,northcentralus.livediagnostics.monitor.azure.com,28.855493,28,ok
2026-10-08T23:29:50.963318+00:00,17,azure,southcentralus,southcentralus.livediagnostics.monitor.azure.com,30.783324,30,ok
2026-10-08T23:29:51.005568+00:00,17,azure,westcentralus,westcentralus.api.cognitive.microsoft.com,24.011153,24,ok
2026-10-08T23:29:51.041652+00:00,17,azure,westus,westus.livediagnostics.monitor.azure.com,30.857703,30,ok
2026-10-08T23:29:51.082003+00:00,17,azure,westus2,westus2.livediagnostics.monitor.azure.com,33.218964,33,ok
2026-10-08T23:29:51.122167+00:00,17,azure,westus3,westus3.livediagnostics.monitor.azure.com,34.901637,34,ok
2026-10-08T23:29:51.163878+00:00,17,gcp,us-central1,storage.us-central1.rep.googleapis.com,35.074741,35,ok
2026-10-08T23:29:51.206126+00:00,17,gcp,us-east1,storage.us-east1.rep.googleapis.com,60.364243,60,ok
2026-10-08T23:29:51.273061+00:00,17,gcp,us-east4,storage.us-east4.rep.googleapis.com,50.734715,50,ok
2026-10-08T23:29:52.331020+00:00,18,gcp,us-south1,storage.us-south1.rep.googleapis.com,26.523597,26,ok
2026-10-08T23:29:52.363802+00:00,18,gcp,us-west1,storage.us-west1.rep.googleapis.com,64.625473,64,ok
2026-10-08T23:29:52.434168+00:00,18,gcp,us-west2,storage.us-west2.rep.googleapis.com,42.513938,42,ok
2026-10-08T23:29:52.483672+00:00,18,gcp,us-west3,storage.us-west3.rep.googleapis.com,67.282245,67,ok
2026-10-08T23:29:52.557963+00:00,18,gcp,us-west4,storage.us-west4.rep.googleapis.com,43.502073,43,ok
2026-10-08T23:29:52.608310+00:00,18,aws,us-east-1,s3.us-east-1.amazonaws.com,45.289442,45,ok
2026-10-08T23:29:52.658171+00:00,18,aws,us-east-2,s3.us-east-2.amazonaws.com,39.844150,39,ok
2026-10-08T23:29:52.708500+00:00,18,aws,us-west-1,s3.us-west-1.amazonaws.com,28.212532,28,ok
2026-10-08T23:29:52.745727+00:00,18,aws,us-west-2,s3.us-west-2.amazonaws.com,26.526121,26,ok
2026-10-08T23:29:52.778728+00:00,18,azure,centralus,centralus.livediagnostics.monitor.azure.com,26.810813,26,ok
2026-10-08T23:29:52.811793+00:00,18,azure,eastus,eastus.livediagnostics.monitor.azure.com,43.461648,43,ok
2026-10-08T23:29:52.873782+00:00,18,azure,eastus2,eastus2.livediagnostics.monitor.azure.com,48.591981,48,ok
2026-10-08T23:29:52.929115+00:00,18,azure,northcentralus,northcentralus.livediagnostics.monitor.azure.com,28.260942,28,ok
2026-10-08T23:29:52.964364+00:00,18,azure,southcentralus,southcentralus.livediagnostics.monitor.azure.com,27.139217,27,ok
2026-10-08T23:29:52.997436+00:00,18,azure,westcentralus,westcentralus.api.cognitive.microsoft.com,26.012662,26,ok
2026-10-08T23:29:53.030744+00:00,18,azure,westus,westus.livediagnostics.monitor.azure.com,31.675571,31,ok
2026-10-08T23:29:53.070304+00:00,18,azure,westus2,westus2.livediagnostics.monitor.azure.com,32.629733,32,ok
2026-10-08T23:29:53.109459+00:00,18,azure,westus3,westus3.livediagnostics.monitor.azure.com,33.680967,33,ok
2026-10-08T23:29:53.149013+00:00,18,gcp,us-central1,storage.us-central1.rep.googleapis.com,34.219373,34,ok
2026-10-08T23:29:53.188103+00:00,18,gcp,us-east1,storage.us-east1.rep.googleapis.com,58.259039,58,ok
2026-10-08T23:29:53.252645+00:00,18,gcp,us-east4,storage.us-east4.rep.googleapis.com,49.871391,49,ok
2026-10-08T23:29:53.309560+00:00,18,gcp,us-east5,storage.us-east5.rep.googleapis.com,47.695737,47,ok
2026-10-08T23:29:54.365259+00:00,19,gcp,us-west1,storage.us-west1.rep.googleapis.com,58.236477,58,ok
2026-10-08T23:29:54.431721+00:00,19,gcp,us-west2,storage.us-west2.rep.googleapis.com,42.901622,42,ok
2026-10-08T23:29:54.480534+00:00,19,gcp,us-west3,storage.us-west3.rep.googleapis.com,65.205085,65,ok
2026-10-08T23:29:54.553963+00:00,19,gcp,us-west4,storage.us-west4.rep.googleapis.com,44.235803,44,ok
2026-10-08T23:29:54.604599+00:00,19,aws,us-east-1,s3.us-east-1.amazonaws.com,47.350842,47,ok
2026-10-08T23:29:54.659831+00:00,19,aws,us-east-2,s3.us-east-2.amazonaws.com,38.223062,38,ok
2026-10-08T23:29:54.707847+00:00,19,aws,us-west-1,s3.us-west-1.amazonaws.com,30.009397,30,ok
2026-10-08T23:29:54.746066+00:00,19,aws,us-west-2,s3.us-west-2.amazonaws.com,28.442912,28,ok
2026-10-08T23:29:54.785781+00:00,19,azure,centralus,centralus.livediagnostics.monitor.azure.com,29.798454,29,ok
2026-10-08T23:29:54.822081+00:00,19,azure,eastus,eastus.livediagnostics.monitor.azure.com,44.589694,44,ok
2026-10-08T23:29:54.874976+00:00,19,azure,eastus2,eastus2.livediagnostics.monitor.azure.com,50.751675,50,ok
2026-10-08T23:29:54.932787+00:00,19,azure,northcentralus,northcentralus.livediagnostics.monitor.azure.com,29.249007,29,ok
2026-10-08T23:29:54.969336+00:00,19,azure,southcentralus,southcentralus.livediagnostics.monitor.azure.com,29.029487,29,ok
2026-10-08T23:29:55.006157+00:00,19,azure,westcentralus,westcentralus.api.cognitive.microsoft.com,24.615232,24,ok
2026-10-08T23:29:55.038238+00:00,19,azure,westus,westus.livediagnostics.monitor.azure.com,33.964927,33,ok
2026-10-08T23:29:55.079896+00:00,19,azure,westus2,westus2.livediagnostics.monitor.azure.com,32.804610,32,ok
2026-10-08T23:29:55.120833+00:00,19,azure,westus3,westus3.livediagnostics.monitor.azure.com,35.890064,35,ok
2026-10-08T23:29:55.165129+00:00,19,gcp,us-central1,storage.us-central1.rep.googleapis.com,36.115714,36,ok
2026-10-08T23:29:55.207538+00:00,19,gcp,us-east1,storage.us-east1.rep.googleapis.com,61.085188,61,ok
2026-10-08T23:29:55.274398+00:00,19,gcp,us-east4,storage.us-east4.rep.googleapis.com,50.331630,50,ok
2026-10-08T23:29:55.332004+00:00,19,gcp,us-east5,storage.us-east5.rep.googleapis.com,45.405498,45,ok
2026-10-08T23:29:55.384202+00:00,19,gcp,us-south1,storage.us-south1.rep.googleapis.com,25.894601,25,ok
2026-10-08T23:29:56.416051+00:00,20,gcp,us-west2,storage.us-west2.rep.googleapis.com,44.332364,44,ok
2026-10-08T23:29:56.466172+00:00,20,gcp,us-west3,storage.us-west3.rep.googleapis.com,64.665015,64,ok
2026-10-08T23:29:56.536740+00:00,20,gcp,us-west4,storage.us-west4.rep.googleapis.com,42.050641,42,ok
2026-10-08T23:29:56.585259+00:00,20,aws,us-east-1,s3.us-east-1.amazonaws.com,46.200673,46,ok
2026-10-08T23:29:56.640748+00:00,20,aws,us-east-2,s3.us-east-2.amazonaws.com,39.899232,39,ok
2026-10-08T23:29:56.686351+00:00,20,aws,us-west-1,s3.us-west-1.amazonaws.com,31.345975,31,ok
2026-10-08T23:29:56.727785+00:00,20,aws,us-west-2,s3.us-west-2.amazonaws.com,25.942831,25,ok
2026-10-08T23:29:56.760378+00:00,20,azure,centralus,centralus.livediagnostics.monitor.azure.com,31.330886,31,ok
2026-10-08T23:29:56.797932+00:00,20,azure,eastus,eastus.livediagnostics.monitor.azure.com,46.074207,46,ok
2026-10-08T23:29:56.850775+00:00,20,azure,eastus2,eastus2.livediagnostics.monitor.azure.com,50.859707,50,ok
2026-10-08T23:29:56.908433+00:00,20,azure,northcentralus,northcentralus.livediagnostics.monitor.azure.com,29.906957,29,ok
2026-10-08T23:29:56.944511+00:00,20,azure,southcentralus,southcentralus.livediagnostics.monitor.azure.com,26.757533,26,ok
2026-10-08T23:29:56.978271+00:00,20,azure,westcentralus,westcentralus.api.cognitive.microsoft.com,23.037584,23,ok
2026-10-08T23:29:57.007790+00:00,20,azure,westus,westus.livediagnostics.monitor.azure.com,34.603930,34,ok
2026-10-08T23:29:57.048101+00:00,20,azure,westus2,westus2.livediagnostics.monitor.azure.com,31.442324,31,ok
2026-10-08T23:29:57.085649+00:00,20,azure,westus3,westus3.livediagnostics.monitor.azure.com,34.702224,34,ok
2026-10-08T23:29:57.126973+00:00,20,gcp,us-central1,storage.us-central1.rep.googleapis.com,37.456078,37,ok
2026-10-08T23:29:57.170411+00:00,20,gcp,us-east1,storage.us-east1.rep.googleapis.com,57.741281,57,ok
2026-10-08T23:29:57.234751+00:00,20,gcp,us-east4,storage.us-east4.rep.googleapis.com,49.674673,49,ok
2026-10-08T23:29:57.290816+00:00,20,gcp,us-east5,storage.us-east5.rep.googleapis.com,47.010034,47,ok
2026-10-08T23:29:57.344075+00:00,20,gcp,us-south1,storage.us-south1.rep.googleapis.com,25.321721,25,ok
2026-10-08T23:29:57.374985+00:00,20,gcp,us-west1,storage.us-west1.rep.googleapis.com,57.011908,57,ok
