provider,region,success,unmeasured,min_ms,median_ms,max_ms,<20 ms,20–<50 ms,50–<100 ms,≥100 ms
aws,us-east-1,20,0,44.670532,46.316572,50.49147,0,19,1,0
aws,us-east-2,20,0,37.681174,39.871691,41.955721,0,20,0,0
aws,us-west-1,20,0,28.157522,29.3576255,31.345975,0,20,0,0
aws,us-west-2,20,0,24.316915,25.7017175,28.442912,0,20,0,0
azure,centralus,20,0,26.726188,29.2358605,31.338383,0,20,0,0
azure,eastus,20,0,41.314773,43.3541575,46.074207,0,20,0,0
azure,eastus2,20,0,45.13278,48.5977615,51.851553,0,15,5,0
azure,northcentralus,20,0,27.055744,29.2365405,33.75176,0,20,0,0
azure,southcentralus,20,0,26.757533,29.394016,31.473479,0,20,0,0
azure,westcentralus,20,0,22.762043,24.2486295,26.695481,0,20,0,0
azure,westus,20,0,30.711612,31.8950745,34.60393,0,20,0,0
azure,westus2,20,0,31.442324,33.2985965,35.142461,0,20,0,0
azure,westus3,20,0,33.680967,34.857670999999996,36.07986,0,20,0,0
gcp,us-central1,20,0,34.219373,36.4686,349.356242,0,19,0,1
gcp,us-east1,20,0,57.474604,60.100646499999996,61.489768,0,0,20,0
gcp,us-east4,20,0,47.738434,49.618256,50.779556,0,14,6,0
gcp,us-east5,20,0,44.919323,46.0496105,47.695737,0,20,0,0
gcp,us-south1,20,0,23.347739,25.543653499999998,46.265415,0,20,0,0
gcp,us-west1,20,0,55.25493,62.051114,67.388987,0,0,20,0
gcp,us-west2,20,0,40.483808,42.9119875,44.928851,0,20,0,0
gcp,us-west3,20,0,64.665015,67.095145,69.172621,0,0,20,0
gcp,us-west4,20,0,41.520207,44.2616435,51.232837,0,18,2,0
